id_variable,descripcion,categoria,tipo_serie,periodicidad,unidad_expresion,moneda,primer_fecha_informada,ultima_fecha_informada,ultimo_valor_informado
1,Reservas internacionales,Principales Variables,Saldos,D,En millones de USD,ME,1996-01-03,2026-09-02,50492.0
4,Tipo de cambio minorista (promedio vendedor),Principales Variables,Tipo de cambio,D,Pesos argentinos por dólar estadounidense,ML,2010-06-01,2026-09-04,1528.6
5,Tipo de cambio mayorista de referencia,Principales Variables,Tipo de cambio,D,Pesos argentinos por dólar estadounidense,ML,2002-03-04,2026-09-04,1507.3745
7,Tasa de interés BADLAR de bancos privados,Principales Variables,Tasa de interés,D,En porcentaje nominal anual,ML,1999-01-04,2026-09-03,23.25
8,Tasa de interés TM20 de bancos privados ,Principales Variables,Tasa de interés,D,En porcentaje nominal anual,ML,2017-01-02,2026-09-03,23.625
11,Tasa de interés de préstamos entre entidades financiera privadas (BAIBAR)  ,Principales Variables,Tasa de interés,D,En porcentaje nominal anual,ML,1999-01-05,2026-09-03,20.98
12,Tasa de interés de depósitos a 30 días de plazo en entidades financieras ,Principales Variables,Tasa de interés,D,En porcentaje nominal anual,ML,1985-08-26,2026-09-03,21.82
13,Tasa de interés por adelantos en cuenta corriente ,Principales Variables,Tasa de interés,D,En porcentaje nominal anual,ML,2009-01-02,2026-09-03,25.82
14,Tasa de interés de préstamos personales ,Principales Variables,Tasa de interés,D,En porcentaje nominal anual,ML,2010-07-01,2026-09-03,64.38
15,Base monetaria,Principales Variables,Saldos,D,En millones de ARS,ML,1996-01-02,2026-09-02,46347290.0
16,Circulación monetaria ,Principales Variables,Saldos,D,En millones de ARS,ML,1996-01-02,2026-09-02,28631191.0
17,Billetes y monedas en poder del público,Principales Variables,Saldos,D,En millones de ARS,ML,1996-01-02,2026-09-02,26494023.0
18,Efectivo en entidades financieras.,Principales Variables,Saldos,D,En millones de ARS,ML,1984-03-01,2026-09-02,2137168.0
19,Depósitos de las entidades financieras en cuenta corriente en el BCRA,Principales Variables,Saldos,D,En millones de ARS,ML,2001-06-01,2026-09-02,17716099.0
21,Depósitos en efectivo en las entidades financieras ,Principales Variables,Saldos,D,En millones de ARS,MEyML,1999-12-30,2026-09-02,237744819.0
22,Depósitos en efectivo en las entidades financieras en cuentas corrientes(neto de utilización FUCO),Principales Variables,Saldos,D,En millones de ARS,MEyML,1996-01-02,2026-09-02,32863436.0
23,Depósitos en efectivo en las entidades financieras en cajas de ahorro,Principales Variables,Saldos,D,En millones de ARS,MEyML,1996-01-02,2026-09-02,80300081.0
24,Depósitos a plazo en efectivo en las entidades financieras (incluye inversiones y excluye CEDROs) ,Principales Variables,Saldos,D,En millones de ARS,MEyML,1996-01-02,2026-09-02,109742328.0
25,Variación interanual del promedio móvil de 30 días del M2 privado.,Principales Variables,Variación,D,En porcentaje,ML,2004-02-01,2026-09-02,20.6
26,Préstamos de las entidades financieras al sector privado,Principales Variables,Saldos,D,En millones de ARS,MEyML,1996-04-01,2026-09-02,144042641.0
27,Inflación mensual.,Principales Variables,Variación,M,En porcentaje,ML,1943-03-31,2026-07-31,2.1
28,Inflación interanual.,Principales Variables,Variación,M,En porcentaje,ML,1944-01-31,2026-07-31,33.8
29,Mediana de la variación interanual próximos 12 meses del índice de precios al consumidor del relevamiento de expectativas de mercado,Principales Variables,Variación,M,En porcentaje,ML,2004-01-31,2026-08-31,21.0
30,Coeficiente de estabilización de referencia (base 2.2.02=1),Principales Variables,Índice,D,Índice base 2.2.02=1,ML,2002-02-02,2026-09-06,835.12157458305
31,Unidad de valor adquisitivo (base 31.3.16=14.05),Principales Variables,Unidad de cuenta,D,En ARS,ML,2016-03-31,2026-09-06,2106.13
32,Unidad de vivienda (base 31.3.16=14.05),Principales Variables,Unidad de cuenta,D,En ARS,ML,2016-03-31,2026-09-06,1537.15
35,Tasa de interés BADLAR de bancos privados,Principales Variables,Tasa de interés,D,En porcentaje efectivo anual,ML,2020-01-23,2026-09-03,25.88
40,Índice para Contratos de Locación (base 30.6.20=1),Principales Variables,Índice,D,Índice base 30.6.20=1,ML,2020-07-01,2026-09-06,35.9
43,Tasa de interés Comunicado P 14.290 (Uso de justicia),Principales Variables,Tasa de interés,D,En porcentaje,ML,1991-04-01,2026-09-06,26930.8146
44,Tasa de interes TAMAR de bancos privados ,Principales Variables,Tasa de interés,D,En porcentaje nominal anual,ML,2024-10-01,2026-09-03,24.25
45,Tasa de interés TAMAR de bancos privados,Principales Variables,Tasa de interés,D,En porcentaje efectivo anual,ML,2024-10-01,2026-09-03,27.12
46,Total de factores de explicación de la base monetaria,Series.xlsm,Flujo diario,D,En millones de ARS,ML,2003-01-02,2026-09-01,-235459.0
47,Efecto monetario de las compras netas de divisas al sector privado y otros ,Series.xlsm,Flujo diario,D,En millones de ARS,ML,2003-01-02,2026-09-01,22695.0
48,Efecto monetario de las compras netas de divisas al tesoro nacional ,Series.xlsm,Flujo diario,D,En millones de ARS,ML,2003-01-02,2026-09-01,0.0
49,Efecto monetario de los adelantos transitorios al tesoro nacional,Series.xlsm,Flujo diario,D,En millones de ARS,ML,2003-01-02,2026-09-01,0.0
50,Efecto monetario de las transferencia de utilidades al tesoro nacional ,Series.xlsm,Flujo diario,D,En millones de ARS,ML,2003-01-02,2026-09-01,0.0
51,Efecto monetario del resto de operaciones con el tesoro nacional,Series.xlsm,Flujo diario,D,En millones de ARS,ML,2003-01-02,2026-09-01,-372.8356
52,Efecto monetario de las operaciones de pases ,Series.xlsm,Flujo diario,D,En millones de ARS,ML,2003-01-02,2026-09-01,0.0
53,Efecto monetario de las LELIQ y NOTALQ ,Series.xlsm,Flujo diario,D,En millones de ARS,ML,2003-01-02,2026-09-01,0.0
54,Efecto monetario de los redescuentos y adelantos ,Series.xlsm,Flujo diario,D,En millones de ARS,ML,2003-01-02,2026-09-01,0.0
55,"Efecto monetario de los intereses, primas y remuneración de cuentas corrientes asociados a op. de pases, LELIQ, NOTALQ, redescuentos y adel. ",Series.xlsm,Flujo diario,D,En millones de ARS,ML,2003-01-02,2026-09-01,0.0
56,Efecto monetario de las LEBAC y NOBAC ,Series.xlsm,Flujo diario,D,En millones de ARS,ML,2003-01-02,2026-09-01,0.0
57,Efecto monetario del rescate de cuasimonedas ,Series.xlsm,Flujo diario,D,En millones de ARS,ML,2003-01-02,2026-09-01,0.0
58,Efecto monetario de las operaciones con letras fiscales de liquidez ,Series.xlsm,Flujo diario,D,En millones de ARS,ML,2003-01-02,2026-09-01,0.0
59,Efecto monetario de otras operaciones que explican la variación de la base monetaria ,Series.xlsm,Flujo diario,D,En millones de ARS,ML,2003-01-02,2026-09-01,-257781.1644
60,Billetes y monedas en poder del público ,Series.xlsm,Variación diaria de saldos,D,En millones de ARS,ML,2003-01-02,2026-09-01,-48240.0
61,Billetes y monedas en entidades financieras ,Series.xlsm,Variación diaria de saldos,D,En millones de ARS,ML,2003-01-02,2026-09-01,94063.0
62,Cheques cancelatorios ,Series.xlsm,Variación diaria de saldos,D,En millones de ARS,ML,2003-01-02,2026-09-01,0.0
63,Cuentas corrientes en pesos en el BCRA,Series.xlsm,Variación diaria de saldos,D,En millones de ARS,ML,2003-01-02,2026-09-01,-281282.0
64,Base monetaria,Series.xlsm,Variación diaria de saldos,D,En millones de ARS,ML,2003-01-02,2026-09-01,-235459.0
65,Cuasimonedas ,Series.xlsm,Variación diaria de saldos,D,En millones de ARS,ML,2003-01-02,2026-09-01,0.0
66,Base monetaria más cuasimonedas ,Series.xlsm,Variación diaria de saldos,D,En millones de ARS,ML,2003-01-02,2026-09-01,-235459.0
67,Billetes y monedas en poder del público ,Series.xlsm,Saldos,D,En millones de ARS,ML,2003-01-02,2026-09-01,26473775.0
68,Billetes y monedas en entidades financieras ,Series.xlsm,Saldos,D,En millones de ARS,ML,2003-01-02,2026-09-01,2121467.0
69,Cheques cancelatorios ,Series.xlsm,Saldos,D,En millones de ARS,ML,2003-01-02,2026-09-01,0.0
70,Cuentas corrientes en pesos en el BCRA ,Series.xlsm,Saldos,D,En millones de ARS,ML,2003-01-02,2026-09-01,18620836.0
71,Base monetaria,Series.xlsm,Saldos,D,En millones de ARS,ML,2003-01-02,2026-09-01,47216078.0
72,Cuasimonedas ,Series.xlsm,Saldos,D,En millones de ARS,ML,2003-01-02,2026-09-01,0.0
73,Base monetaria más cuasimonedas,Series.xlsm,Saldos,D,En millones de ARS,ML,2003-01-02,2026-09-01,47216078.0
74,Reservas internacionales (excluidas asignaciones deg 2009),Series.xlsm,Saldos,D,En millones de USD,ME,2003-01-02,2026-09-01,50205.0
75,"Oro, divisas, colocaciones a plazo y otros activos de reserva",Series.xlsm,Saldos,D,En millones de USD,ME,2003-01-02,2026-09-01,50205.0
76,Divisas-pase pasivo en dólares con el exterior,Series.xlsm,Saldos,D,En millones de USD,ME,2003-01-02,2026-09-01,0.0
77,Reservas internacionales ,Series.xlsm,Variación diaria de saldos,D,En millones de USD,ME,2003-01-02,2026-09-01,1945.9483
78,Variación de reservas internacionales por compra de divisas ,Series.xlsm,Flujo diario,D,En millones de USD,ME,2003-01-02,2026-09-01,15.0
79,Variación de reservas internacionales por operaciones con organismos internacionales,Series.xlsm,Flujo diario,D,En millones de USD,ME,2003-01-02,2026-09-01,-46.3802
80,Variación de reservas internacionales por otras operaciones del sector público ,Series.xlsm,Flujo diario,D,En millones de USD,ME,2003-01-02,2026-09-01,0.0
81,Variación de reservas internacionales por efectivo mínimo ,Series.xlsm,Flujo diario,D,En millones de USD,ME,2003-01-02,2026-09-01,2201.1553
82,Variación de reservas internacionales por otras operaciones no incluidas en otros rubros ,Series.xlsm,Flujo diario,D,En millones de USD,ME,2003-01-02,2026-09-01,-223.8268
83,Asignaciones de DEGS del año 2009,Series.xlsm,Saldos,D,En millones de USD,ME,2003-01-02,2026-09-01,0.0
84,Tipo de cambio de valuación contable,Series.xlsm,Tipo de cambio,D,Pesos argentinos por dólar estadounidense,ML,2003-01-02,2026-09-01,1512.7304
85,Cuentas corrientes de los sectores público y privado no financieros,Series.xlsm,Saldos,D,En millones de ARS,ML,2002-12-31,2026-09-01,33040943.0
86,Cajas de ahorro de los sectores público y privado no financieros,Series.xlsm,Saldos,D,En millones de ARS,ML,2002-12-31,2026-09-01,34357074.0
87,Depósitos a plazo no ajustables por CER/UVAS de los sectores público y privado no financieros,Series.xlsm,Saldos,D,En millones de ARS,ML,2002-12-31,2026-09-01,88603949.966
88,Depósitos a plazo ajustables por CER/UVAS de los sectores público y privado no financieros,Series.xlsm,Saldos,D,En millones de ARS,ML,2003-01-31,2026-09-01,1698579.034
89,Otros depósitos de los sectores público y privado no financieros,Series.xlsm,Saldos,D,En millones de ARS,ML,2002-12-31,2026-09-01,3151689.0
90,Cedros con cer de los sectores público y privado no financieros,Series.xlsm,Saldos,D,En millones de ARS,ML,2002-12-31,2026-09-01,0.0
91,Depósitos en pesos de los sectores público y privados no financieros (incluye cedros),Series.xlsm,Saldos,D,En millones de ARS,ML,2002-12-31,2026-09-01,160852235.0
92,BODEN de los sectores público y privado no financieros,Series.xlsm,Saldos,D,En millones de ARS,ML,2002-12-31,2026-09-01,0.0
93,Depósitos de los sectores público y privados no financieros (incluye cedro y BODEN),Series.xlsm,Saldos,D,En millones de ARS,ML,2002-12-31,2026-09-01,160852235.0
94,Cuentas corrientes del sector privado no financiero ,Series.xlsm,Saldos,D,En millones de ARS,ML,2002-12-31,2026-09-01,21778487.0
95,Cajas de ahorro del sector privado no financiero ,Series.xlsm,Saldos,D,En millones de ARS,ML,2002-12-31,2026-09-01,33193512.0
96,Depósitos a plazo no ajustables por CER/UVAS del sector privado no financiero ,Series.xlsm,Saldos,D,En millones de ARS,ML,2002-12-31,2026-09-01,66995506.966
97,Depósitos a plazo ajustables por CER/UVAS del sector privado no financiero ,Series.xlsm,Saldos,D,En millones de ARS,ML,2003-01-31,2026-09-01,1311162.034
98,Otros depósitos del sector privado no financiero,Series.xlsm,Saldos,D,En millones de ARS,ML,2002-12-31,2026-09-01,2243946.0
99,Cedros con cer del sector privado no financiero ,Series.xlsm,Saldos,D,En millones de ARS,ML,2002-12-31,2026-09-01,0.0
100,Depósitos del sector privado no financiero (incluye cedros),Series.xlsm,Saldos,D,En millones de ARS,ML,2002-12-31,2026-09-01,125522614.0
101,BODEN del sector privado no financiero ,Series.xlsm,Saldos,D,En millones de ARS,ML,2002-12-31,2026-09-01,0.0
102,Depósitos del sector privado no financiero (incluye cedro y BODEN),Series.xlsm,Saldos,D,En millones de ARS,ML,2002-12-31,2026-09-01,125522614.0
103,Depósitos  de los sectores público y privado no financieros,Series.xlsm,Saldos,D,En millones de ARS,ME,2002-12-31,2026-09-01,66044296.5336
104,Depósitos del sector privado no financiero,Series.xlsm,Saldos,D,En millones de ARS,ME,2002-12-31,2026-09-01,62082455.616
105,Depósitos  de los sectores público y privado no financieros,Series.xlsm,Saldos,D,En millones de ARS,MEyML,2002-12-31,2026-09-01,226896531.5336
106,Depósitos del sector privado no financiero,Series.xlsm,Saldos,D,En millones de ARS,MEyML,2002-12-31,2026-09-01,187605069.616
107,Depósitos  de los sectores público y privado no financieros,Series.xlsm,Saldos,D,En millones de USD,ME,2002-12-31,2026-09-01,43659.0
108,Depósitos del sector privado no financiero,Series.xlsm,Saldos,D,En millones de USD,ME,2002-12-31,2026-09-01,41040.0
109,M2 ,Series.xlsm,Saldos,D,En millones de ARS,ML,2002-12-31,2026-09-01,93871792.0
110,Préstamos otorgados mediante adelantos en cuenta al sector privado ,Series.xlsm,Saldos,D,En millones de ARS,ML,2002-12-31,2026-09-01,11207258.0
111,Préstamos otorgados mediante documentos al sector privado ,Series.xlsm,Saldos,D,En millones de ARS,ML,2002-12-31,2026-09-01,25392953.0
112,Préstamos hipotecaríos otorgados al sector privado,Series.xlsm,Saldos,D,En millones de ARS,ML,2002-12-31,2026-09-01,8668398.0
113,Préstamos prendaríos otorgados al sector privado,Series.xlsm,Saldos,D,En millones de ARS,ML,2002-12-31,2026-09-01,6455062.0
114,Préstamos personales otorgados al sector privado,Series.xlsm,Saldos,D,En millones de ARS,ML,2002-12-31,2026-09-01,21728444.0
115,Préstamos mediante tarjeta de créditos otorgados al sector privado,Series.xlsm,Saldos,D,En millones de ARS,ML,2002-12-31,2026-09-01,25016554.0
116,Otros préstamos otorgados al sector privado,Series.xlsm,Saldos,D,En millones de ARS,ML,2002-12-31,2026-09-01,7401054.0
117,Préstamos otorgados al sector privado ,Series.xlsm,Saldos,D,En millones de ARS,ML,2002-12-31,2026-09-01,105869723.0
118,Préstamos en cuenta corriente otorgados al sector privado ,Series.xlsm,Saldos,D,En millones de USD,ME,2002-12-31,2026-09-01,255.0
119,Préstamos documentaríos otorgados al sector privado,Series.xlsm,Saldos,D,En millones de USD,ME,2002-12-31,2026-09-01,18686.0
120,Préstamos hipotecaríos otorgados al sector privado,Series.xlsm,Saldos,D,En millones de USD,ME,2002-12-31,2026-09-01,744.0
121,Préstamos prendaríos otorgados al sector privado,Series.xlsm,Saldos,D,En millones de USD,ME,2002-12-31,2026-09-01,1402.0
122,Préstamos personales otorgados al sector privado,Series.xlsm,Saldos,D,En millones de USD,ME,2002-12-31,2026-09-01,4.0
123,Préstamos en tarjeta de créditos otorgados al sector privado,Series.xlsm,Saldos,D,En millones de USD,ME,2002-12-31,2026-09-01,636.0
124,Otros préstamos otorgados al sector privado,Series.xlsm,Saldos,D,En millones de USD,ME,2002-12-31,2026-09-01,3418.0
125,Préstamos otorgados al sector privado ,Series.xlsm,Saldos,D,En millones de USD,ME,2002-12-31,2026-09-01,25145.0
126,Préstamos otorgados al sector privado ,Series.xlsm,Saldos,D,En millones de ARS,ME,2002-12-31,2026-09-01,38037605.908
127,Préstamos otorgados al sector privado ,Series.xlsm,Saldos,D,En millones de ARS,MEyML,2002-12-31,2026-09-01,143907328.908
135,Tasa de interés TAMAR de bancos públicos y privados,Series.xlsm,Tasa de interés,D,En porcentaje nominal anual,ML,2024-10-01,2026-09-03,24.125
136,Tasa de interés TAMAR de bancos privados,Series.xlsm,Tasa de interés,D,En porcentaje nominal anual,ML,2024-10-01,2026-09-03,24.25
137,Tasa de interés TAMAR de bancos privados,Series.xlsm,Tasa de interés,D,En porcentaje efectivo anual,ML,2024-10-01,2026-09-03,27.1196
138,Tasa de interés BADLAR de bancos públicos y privados,Series.xlsm,Tasa de interés,D,En porcentaje nominal anual,ML,2003-01-02,2026-09-03,22.9375
139,Tasa de interés BADLAR de bancos privados,Series.xlsm,Tasa de interés,D,En porcentaje nominal anual,ML,2003-01-02,2026-09-03,23.25
140,Tasa de interés BADLAR de bancos privados,Series.xlsm,Tasa de interés,D,En porcentaje efectivo anual,ML,2020-01-23,2026-09-03,25.8804
141,Tasa de interés TM20 de bancos públicos y privados,Series.xlsm,Tasa de interés,D,En porcentaje nominal anual,ML,2017-01-02,2026-09-03,23.3125
142,Tasa de interésTM20 de bancos privados,Series.xlsm,Tasa de interés,D,En porcentaje nominal anual,ML,2017-01-02,2026-09-03,23.625
143,Tasa de interés TM20 de bancos privados,Series.xlsm,Tasa de interés,D,En porcentaje efectivo anual,ML,2020-01-23,2026-09-03,26.3438
144,Tasa de interés de préstamos personales otorgados al sector privado,Series.xlsm,Tasa de interés,D,En porcentaje nominal anual,ML,2010-07-01,2026-09-03,64.38
145,"Tasa de interés de adelantos en cuenta corriente, con acuerdo de 1 a 7 días y de 10 millones o más, a empresas del sector privado",Series.xlsm,Tasa de interés,D,En porcentaje nominal anual,ML,2009-01-02,2026-09-03,25.82
146,Tasa de interés de préstamos entre bancos privados (BAIBAR),Series.xlsm,Tasa de interés,D,En porcentaje nominal anual,ML,2003-01-02,2026-09-03,20.98
147,Préstamos entre bancos privados (BAIBAR),Series.xlsm,Monto,D,En millones de ARS,ML,2003-01-02,2026-09-03,217338.0
148,Tasa de interés de préstamos entre entidades financieras locales,Series.xlsm,Tasa de interés,D,En porcentaje nominal anual,ML,2003-01-02,2026-09-03,21.02
149,Préstamos entre entidades financieras locales ,Series.xlsm,Monto,D,En millones de ARS,ML,2003-01-02,2026-09-03,572758.0
150,Tasa de interés por operaciones de pases entre terceros a 1 día,Series.xlsm,Tasa de interés,D,En porcentaje nominal anual,ML,2008-01-02,2026-09-03,20.23
151,Operaciones de pases entre terceros a 1 día,Series.xlsm,Monto,D,En millones de ARS,ML,2008-01-02,2026-09-03,1823854.0
152,Pases pasivos para el BCRA (incluye pases pasivos con fci),Series.xlsm,Saldos,D,En millones de ARS,ML,2004-05-28,2026-09-03,0.0
153,Pases pasivos para el BCRA con fondos comunes de inversión,Series.xlsm,Saldos,D,En millones de ARS,ML,2014-01-02,2026-09-03,0.0
154,Pases activos para el BCRA,Series.xlsm,Saldos,D,En millones de ARS,ML,2004-05-28,2026-09-03,0.0
155,LELIQ y NOTALQ,Series.xlsm,Saldos,D,En millones de ARS,ML,2018-01-11,2026-09-03,0.0
156,"LEBAC y NOBAC , LEGAR y LEMIN ",Series.xlsm,Saldos,D,En millones de ARS,ML,2003-01-02,2026-09-03,254597.9712
157,LEBAC y NOBAC  de entidades financieras ,Series.xlsm,Saldos,D,En millones de ARS,ML,2008-07-04,2026-09-03,0.0
158,"LEBAC, LEDIV y BOPREAL",Series.xlsm,Saldos,D,En millones de USD,USD,2003-01-02,2026-09-03,4889.69
159,NOCOM ,Series.xlsm,Saldos,D,En millones de ARS,ML,2018-10-11,2026-09-03,0.0
160,Tasas de interés de política monetaria,Series.xlsm,Tasa de interés,D,En porcentaje nominal anual,ML,2015-12-16,2025-07-10,29.0
161,Tasas de interés de política monetaria,Series.xlsm,Tasa de interés,D,En porcentaje efectivo anual,ML,2020-01-23,2025-07-10,33.63
162,Tasa de interés por pases pasivos para el BCRA a 1 día,Series.xlsm,Tasa de interés,D,En porcentaje nominal anual,ML,2004-05-28,2024-07-19,40.0
163,Tasa de interés por pases pasivos para el BCRA a 7 días,Series.xlsm,Tasa de interés,D,En porcentaje nominal anual,ML,2004-06-04,2022-02-04,32.0
164,Tasa de interés por pases activos para el BCRA a 1 día,Series.xlsm,Tasa de interés,D,En porcentaje nominal anual,ML,2007-10-17,2025-07-10,33.0
165,Tasa de interés por pases activos para el BCRA a 7 días,Series.xlsm,Tasa de interés,D,En porcentaje nominal anual,ML,2004-05-21,2025-07-10,33.0
166,Tasa de interés de LEBAC / LELIQ de 1 mes,Series.xlsm,Tasa de interés,D,En porcentaje nominal anual,ML,2003-04-30,2018-11-21,49.9967
167,Tasa de interés de LEBAC de 2 meses,Series.xlsm,Tasa de interés,D,En porcentaje nominal anual,ML,2003-04-30,2018-10-17,57.0005
168,Tasa de interés de LEBAC de 3 meses,Series.xlsm,Tasa de interés,D,En porcentaje nominal anual,ML,2003-04-30,2018-09-19,45.0003
169,Tasa de interés de LEBAC de 4 meses,Series.xlsm,Tasa de interés,D,En porcentaje nominal anual,ML,2008-06-03,2018-07-19,42.3501
170,Tasa de interés de LEBAC de 5 meses,Series.xlsm,Tasa de interés,D,En porcentaje nominal anual,ML,2006-02-07,2018-05-16,37.9999
171,Tasa de interés de LEBAC / LELIQ a 6 meses,Series.xlsm,Tasa de interés,D,En porcentaje nominal anual,ML,2003-01-02,2023-07-05,105.5
172,Tasa de interés de LEBAC  de 7 meses,Series.xlsm,Tasa de interés,D,En porcentaje nominal anual,ML,2008-02-12,2018-03-21,25.2499
173,Tasa de interés de LEBAC  de 8 meses,Series.xlsm,Tasa de interés,D,En porcentaje nominal anual,ML,2008-02-26,2017-01-31,21.9001
174,Tasa de interés de LEBAC  de 9 meses,Series.xlsm,Tasa de interés,D,En porcentaje nominal anual,ML,2003-01-02,2018-03-21,24.95
175,Tasa de interés de LEBAC  de 10 meses,Series.xlsm,Tasa de interés,D,En porcentaje nominal anual,ML,2008-02-12,2017-01-31,21.7423
176,Tasa de interés de LEBAC  de 11 meses,Series.xlsm,Tasa de interés,D,En porcentaje nominal anual,ML,2010-07-27,2014-12-02,29.1875
177,Tasa de interés de LEBAC  de 12 meses,Series.xlsm,Tasa de interés,D,En porcentaje nominal anual,ML,2003-01-14,2015-03-17,29.4619
178,Tasa de interés de LEBAC  de 18 meses,Series.xlsm,Tasa de interés,D,En porcentaje nominal anual,ML,2003-04-08,2007-07-17,10.6
179,Tasa de interés de LEBAC  de 24 meses,Series.xlsm,Tasa de interés,D,En porcentaje nominal anual,ML,2004-03-16,2013-02-13,16.9581
180, Tasa de interés de LEBAC  ajustables por CER de 6 meses,Series.xlsm,Tasa de interés,D,En porcentaje nominal anual,ML,2003-02-25,2003-03-20,7.8788
181,Tasa de interés de LEBAC ajustables por CER de 12 meses,Series.xlsm,Tasa de interés,D,En porcentaje nominal anual,ML,2003-02-25,2005-07-19,0.0
182,Tasa de interés de LEBAC ajustables por CER de 18 meses,Series.xlsm,Tasa de interés,D,En porcentaje nominal anual,ML,2003-04-08,2005-07-19,0.8
183,Tasa de interés de LEBAC ajustables por CER de 24 meses,Series.xlsm,Tasa de interés,D,En porcentaje nominal anual,ML,2004-03-16,2005-07-19,1.2
184,"Tasa de interés de LEBAC USD con liquidación en pesos, de 1 mes",Series.xlsm,Tasa de interés,D,En porcentaje nominal anual,USD,2006-01-03,2006-01-03,4.1497
185,"Tasa de interés de LEBAC USD con liquidación en pesos, de 6 meses",Series.xlsm,Tasa de interés,D,En porcentaje nominal anual,USD,2005-07-27,2015-12-16,3.65
186,"Tasa de interés de LEBAC USD con liquidación en pesos, de 12 meses",Series.xlsm,Tasa de interés,D,En porcentaje nominal anual,USD,2015-12-17,2016-01-29,3.65
187,Tasa de interés de LEBAC de 1 mes,Series.xlsm,Tasa de interés,D,En porcentaje nominal anual,USD,2014-01-28,2016-04-26,0.8997
188,Tasa de interés de LEBAC de 3 meses,Series.xlsm,Tasa de interés,D,En porcentaje nominal anual,USD,2014-01-28,2016-04-26,0.9001
189,Tasa de interés de LEBAC de 6 meses,Series.xlsm,Tasa de interés,D,En porcentaje nominal anual,USD,2005-10-11,2016-01-05,3.1251
190,Tasa de interés de LEBAC de 12 meses,Series.xlsm,Tasa de interés,D,En porcentaje nominal anual,USD,2005-08-02,2016-01-05,3.125
191,Margen sobre BADLAR bancos privados de NOBAC de 9 meses,Series.xlsm,Margen,D,En porcentaje nominal anual,ML,2006-01-03,2012-09-04,-1.9944
192,Margen sobre bancos privados de NOBAC de 12 meses ,Series.xlsm,Margen,D,En porcentaje nominal anual,ML,2006-04-11,2013-04-16,-2.6793
193,Margen sobre BADLAR total de NOBAC de 2 años,Series.xlsm,Margen,D,En porcentaje nominal anual,ML,2005-04-19,2006-02-07,6.194
194,Margen sobre BADLAR bancos privados de NOBAC de 2 años,Series.xlsm,Margen,D,En porcentaje nominal anual,ML,2005-05-31,2011-10-11,0.86
195,Margen sobre tasa de politica monetaria de NOTALIQ en pesos de 190 días,Series.xlsm,Margen,D,En porcentaje nominal anual,ML,2022-02-22,2023-09-13,2.5
196,"LEFI en cartera de entidades financieras, en valor técnico",Series.xlsm,Saldos,D,En millones de ARS,ML,2003-01-02,2025-07-11,0.0
197,M2 transaccional del sector privado,Series.xlsm,Saldos,D,En millones de ARS,ML,2021-01-04,2026-09-01,67792457.311
198,Otros,Series.xlsm,Saldos,D,En millones de ARS,ML,2025-07-15,2026-09-03,1222376.3047
199,"Préstamos a los gobiernos nacional, provinciales, municipales y corporaciones intergubernamentales",Préstamos por tipo de titular,Saldos a fin de mes,M,En miles de ARS,ML,1990-01-31,2026-06-30,1135026.0
200,Préstamos a la administración central,Préstamos por tipo de titular,Saldos a fin de mes,M,En miles de ARS,ML,1989-12-31,2026-06-30,238232.0
201,Préstamos a entidades descentralizadas,Préstamos por tipo de titular,Saldos a fin de mes,M,En miles de ARS,ML,1989-12-31,2026-06-30,210205.0
202,Préstamos a los gobiernos provinciales,Préstamos por tipo de titular,Saldos a fin de mes,M,En miles de ARS,ML,1989-12-31,2026-06-30,614152.0
203,Préstamos a los gobiernos municipales,Préstamos por tipo de titular,Saldos a fin de mes,M,En miles de ARS,ML,1989-12-31,2026-06-30,72422.0
204,Préstamos a las corporaciones integubernamentales,Préstamos por tipo de titular,Saldos a fin de mes,M,En miles de ARS,ML,1989-12-31,2026-06-30,14.0
205,Préstamos a empresas y otros entes públicos nacionales,Préstamos por tipo de titular,Saldos a fin de mes,M,En miles de ARS,ML,1989-12-31,2026-06-30,18338.0
206,Préstamos a empresas y otros entes públicos provinciales,Préstamos por tipo de titular,Saldos a fin de mes,M,En miles de ARS,ML,1989-12-31,2026-06-30,39704.0
207,Préstamos a empresas y otros entes públicos municipales,Préstamos por tipo de titular,Saldos a fin de mes,M,En miles de ARS,ML,1989-12-31,2026-06-30,58.0
208,Préstamos a empresas y otros entes públicos intergubernamentales,Préstamos por tipo de titular,Saldos a fin de mes,M,En miles de ARS,ML,1989-12-31,2026-06-30,2628.0
209,"Depósitos de los gobiernos nacional, provinciales, municipales y corporaciones intergubernamentales",Depósitos por tipo de titular,Saldos a fin de mes,M,En miles de ARS,ML,1989-12-31,2026-06-30,35761727.0
210,Depósitos de la administración central,Depósitos por tipo de titular,Saldos a fin de mes,M,En miles de ARS,ML,1989-12-31,2026-06-30,12084035.0
211,Depósitos de las entidades descentralizadas,Depósitos por tipo de titular,Saldos a fin de mes,M,En miles de ARS,ML,1989-12-31,2026-06-30,4796570.0
212,Depósitos de los gobiernos provinciales,Depósitos por tipo de titular,Saldos a fin de mes,M,En miles de ARS,ML,1989-12-31,2026-06-30,16370374.0
213,Depósitos de los gobiernos municipales,Depósitos por tipo de titular,Saldos a fin de mes,M,En miles de ARS,ML,1989-12-31,2026-06-30,2504193.0
214,Depósitos de corporaciones integubernamentales,Depósitos por tipo de titular,Saldos a fin de mes,M,En miles de ARS,ML,1989-12-31,2026-06-30,6554.0
215,Depósitos de empresas y otros entes públicos nacionales,Depósitos por tipo de titular,Saldos a fin de mes,M,En miles de ARS,ML,1989-12-31,2026-06-30,2168167.0
216,Depósitos de empresas y otros entes públicos provinciales,Depósitos por tipo de titular,Saldos a fin de mes,M,En miles de ARS,ML,1989-12-31,2026-06-30,919209.0
217,Depósitos de empresas y otros entes públicos municipales,Depósitos por tipo de titular,Saldos a fin de mes,M,En miles de ARS,ML,1989-12-31,2026-06-30,61576.0
218,Depósitos de empresas y otros entes públicos intergubernamentales,Depósitos por tipo de titular,Saldos a fin de mes,M,En miles de ARS,ML,1989-12-31,2026-06-30,123122.0
219,"Préstamos a los gobiernos nacional, provinciales, municipales y corporaciones intergubernamentales",Préstamos por tipo de titular,Saldos a fin de mes,M,En miles de ARS,ME,1989-12-31,2026-06-30,17918.0
220,Préstamos a la administración central,Préstamos por tipo de titular,Saldos a fin de mes,M,En miles de ARS,ME,1989-12-31,2026-06-30,76.0
221,Préstamos a entidades descentralizadas,Préstamos por tipo de titular,Saldos a fin de mes,M,En miles de ARS,ME,1989-12-31,2026-06-30,73.0
222,Préstamos a los gobiernos provinciales,Préstamos por tipo de titular,Saldos a fin de mes,M,En miles de ARS,ME,1989-12-31,2026-06-30,17440.0
223,Préstamos a los gobiernos municipales,Préstamos por tipo de titular,Saldos a fin de mes,M,En miles de ARS,ME,1989-12-31,2026-06-30,329.0
224,Préstamos a las corporaciones integubernamentales,Préstamos por tipo de titular,Saldos a fin de mes,M,En miles de ARS,ME,1989-12-31,2026-06-30,0.0
225,Préstamos a empresas y otros entes públicos nacionales,Préstamos por tipo de titular,Saldos a fin de mes,M,En miles de ARS,ME,1989-12-31,2026-06-30,150583.0
226,Préstamos a empresas y otros entes públicos provinciales,Préstamos por tipo de titular,Saldos a fin de mes,M,En miles de ARS,ME,1989-12-31,2026-06-30,71.0
227,Préstamos a empresas y otros entes públicos municipales,Préstamos por tipo de titular,Saldos a fin de mes,M,En miles de ARS,ME,1989-12-31,2026-06-30,0.0
228,Préstamos a empresas y otros entes públicos intergubernamentales,Préstamos por tipo de titular,Saldos a fin de mes,M,En miles de ARS,ME,1989-12-31,2026-06-30,3788.0
229,"Depósitos de los gobiernos nacional, provinciales, municipales y corporaciones intergubernamentales",Depósitos por tipo de titular,Saldos a fin de mes,M,En miles de ARS,ME,1989-12-31,2026-06-30,3376863.0
230,Depósitos de la administración central,Depósitos por tipo de titular,Saldos a fin de mes,M,En miles de ARS,ME,1989-12-31,2026-06-30,539095.0
231,Depósitos de las entidades descentralizadas,Depósitos por tipo de titular,Saldos a fin de mes,M,En miles de ARS,ME,1989-12-31,2026-06-30,838291.0
232,Depósitos de los gobiernos provinciales,Depósitos por tipo de titular,Saldos a fin de mes,M,En miles de ARS,ME,1989-12-31,2026-06-30,1831168.0
233,Depósitos de los gobiernos municipales,Depósitos por tipo de titular,Saldos a fin de mes,M,En miles de ARS,ME,1989-12-31,2026-06-30,48911.0
234,Depósitos de corporaciones integubernamentales,Depósitos por tipo de titular,Saldos a fin de mes,M,En miles de ARS,ME,1989-12-31,2026-06-30,119398.0
235,Depósitos de empresas y otros entes públicos nacionales,Depósitos por tipo de titular,Saldos a fin de mes,M,En miles de ARS,ME,1989-12-31,2026-06-30,645640.0
236,Depósitos de empresas y otros entes públicos provinciales,Depósitos por tipo de titular,Saldos a fin de mes,M,En miles de ARS,ME,1989-12-31,2026-06-30,228901.0
237,Depósitos de empresas y otros entes públicos municipales,Depósitos por tipo de titular,Saldos a fin de mes,M,En miles de ARS,ME,1989-12-31,2026-06-30,317.0
238,Depósitos de empresas y otros entes públicos intergubernamentales,Depósitos por tipo de titular,Saldos a fin de mes,M,En miles de ARS,ME,1989-12-31,2026-06-30,6669.0
239,"Depósitos en cuentas corrientes de los gobiernos nacional, provinciales, municipales y corporaciones intergubernamentales",Depósitos por tipo de titular,Saldos a fin de mes,M,En miles de ARS,ML,1994-01-31,2026-06-30,17602899.0
240,Depósitos en cuentas corrientes de la administración central,Depósitos por tipo de titular,Saldos a fin de mes,M,En miles de ARS,ML,1994-01-31,2026-06-30,3647386.0
241,Depósitos en cuentas corrientes de las entidades descentralizadas,Depósitos por tipo de titular,Saldos a fin de mes,M,En miles de ARS,ML,1994-01-31,2026-06-30,2692467.0
242,Depósitos en cuentas corrientes de los gobiernos provinciales,Depósitos por tipo de titular,Saldos a fin de mes,M,En miles de ARS,ML,1994-01-31,2026-06-30,10288251.0
243,Depósitos en cuentas corrientes de los gobiernos municipales,Depósitos por tipo de titular,Saldos a fin de mes,M,En miles de ARS,ML,1994-01-31,2026-06-30,973869.0
244,Depósitos en cuentas corrientes de los gobiernos de corporaciones integubernamentales,Depósitos por tipo de titular,Saldos a fin de mes,M,En miles de ARS,ML,1994-01-31,2026-06-30,926.0
245,Depósitos en cuentas corrientes de empresas y otros entes públicos nacionales,Depósitos por tipo de titular,Saldos a fin de mes,M,En miles de ARS,ML,1994-01-31,2026-06-30,187817.0
246,Depósitos en cuentas corrientes de empresas y otros entes públicos provinciales,Depósitos por tipo de titular,Saldos a fin de mes,M,En miles de ARS,ML,1994-01-31,2026-06-30,385373.0
247,Depósitos en cuentas corrientes de empresas y otros entes públicos municipales,Depósitos por tipo de titular,Saldos a fin de mes,M,En miles de ARS,ML,1994-01-31,2026-06-30,27431.0
248,Depósitos en cuentas corrientes de empresas y otros entes públicos intergubernamentales,Depósitos por tipo de titular,Saldos a fin de mes,M,En miles de ARS,ML,1994-01-31,2026-06-30,50648.0
249,"Depósitos en cajas de ahorro de los gobiernos nacional, provinciales, municipales y corporaciones intergubernamentales",Depósitos por tipo de titular,Saldos a fin de mes,M,En miles de ARS,ML,2000-01-31,2026-06-30,389528.0
250,Depósitos en caja de ahorros de la administración central,Depósitos por tipo de titular,Saldos a fin de mes,M,En miles de ARS,ML,2000-01-31,2026-06-30,2027.0
251,Depósitos en caja de ahorros de las entidades descentralizadas,Depósitos por tipo de titular,Saldos a fin de mes,M,En miles de ARS,ML,2000-01-31,2026-06-30,99346.0
252,Depósitos en caja de ahorros de los gobiernos provinciales,Depósitos por tipo de titular,Saldos a fin de mes,M,En miles de ARS,ML,2000-01-31,2026-06-30,263676.0
253,Depósitos en caja de ahorros de los gobiernos municipales,Depósitos por tipo de titular,Saldos a fin de mes,M,En miles de ARS,ML,2000-01-31,2026-06-30,24475.0
254,Depósitos en caja de ahorros de los gobiernos de corporaciones integubernamentales,Depósitos por tipo de titular,Saldos a fin de mes,M,En miles de ARS,ML,2000-01-31,2026-06-30,3.0
255,Depósitos en caja de ahorros de empresas y otros entes públicos nacionales,Depósitos por tipo de titular,Saldos a fin de mes,M,En miles de ARS,ML,2000-01-31,2026-06-30,659892.0
256,Depósitos en caja de ahorros de empresas y otros entes públicos provinciales,Depósitos por tipo de titular,Saldos a fin de mes,M,En miles de ARS,ML,2000-01-31,2026-06-30,16994.0
257,Depósitos en caja de ahorros de empresas y otros entes públicos municipales,Depósitos por tipo de titular,Saldos a fin de mes,M,En miles de ARS,ML,2000-01-31,2026-06-30,797.0
258,Depósitos en caja de ahorros de empresas y otros entes públicos intergubernamentales,Depósitos por tipo de titular,Saldos a fin de mes,M,En miles de ARS,ML,2000-01-31,2026-06-30,1725.0
259,"Depósitos a plazo fijo de los gobiernos nacional, provinciales, municipales y corporaciones intergubernamentales",Depósitos por tipo de titular,Saldos a fin de mes,M,En miles de ARS,ML,1994-01-31,2026-06-30,8555209.0
260,Depósitos en plazo fijo de la administración central,Depósitos por tipo de titular,Saldos a fin de mes,M,En miles de ARS,ML,1994-01-31,2026-06-30,1842656.0
261,Depósitos en plazo fijo de las entidades descentralizadas,Depósitos por tipo de titular,Saldos a fin de mes,M,En miles de ARS,ML,1994-01-31,2026-06-30,1951833.0
262,Depósitos en plazo fijo de los gobiernos provinciales,Depósitos por tipo de titular,Saldos a fin de mes,M,En miles de ARS,ML,1994-01-31,2026-06-30,3376320.0
263,Depósitos en plazo fijo de los gobiernos municipales,Depósitos por tipo de titular,Saldos a fin de mes,M,En miles de ARS,ML,1994-01-31,2026-06-30,1378782.0
264,Depósitos en plazo fijo de los gobiernos de corporaciones integubernamentales,Depósitos por tipo de titular,Saldos a fin de mes,M,En miles de ARS,ML,1994-01-31,2026-06-30,5618.0
265,Depósitos en plazo fijo de empresas y otros entes públicos nacionales,Depósitos por tipo de titular,Saldos a fin de mes,M,En miles de ARS,ML,1994-01-31,2026-06-30,926404.0
266,Depósitos en plazo fijo de empresas y otros entes públicos provinciales,Depósitos por tipo de titular,Saldos a fin de mes,M,En miles de ARS,ML,1994-01-31,2026-06-30,379808.0
267,Depósitos en plazo fijo de empresas y otros entes públicos municipales,Depósitos por tipo de titular,Saldos a fin de mes,M,En miles de ARS,ML,1994-01-31,2026-06-30,31282.0
268,Depósitos en plazo fijo de empresas y otros entes públicos intergubernamentales,Depósitos por tipo de titular,Saldos a fin de mes,M,En miles de ARS,ML,1994-01-31,2026-06-30,65290.0
269,"Otros depósitos de los gobiernos nacional, provinciales, municipales y corporaciones intergubernamentales",Depósitos por tipo de titular,Saldos a fin de mes,M,En miles de ARS,ML,1994-01-31,2026-06-30,9214091.0
270,Otros depósitos de la administración central,Depósitos por tipo de titular,Saldos a fin de mes,M,En miles de ARS,ML,1994-01-31,2026-06-30,6591966.0
271,Otros depósitos de las entidades descentralizadas,Depósitos por tipo de titular,Saldos a fin de mes,M,En miles de ARS,ML,1994-01-31,2026-06-30,52924.0
272,Otros depósitos de los gobiernos provinciales,Depósitos por tipo de titular,Saldos a fin de mes,M,En miles de ARS,ML,1994-01-31,2026-06-30,2442126.0
273,Otros depósitos de los gobiernos municipales,Depósitos por tipo de titular,Saldos a fin de mes,M,En miles de ARS,ML,1994-01-31,2026-06-30,127068.0
274,Otros depósitos de corporaciones integubernamentales,Depósitos por tipo de titular,Saldos a fin de mes,M,En miles de ARS,ML,1994-01-31,2026-06-30,7.0
275,Otros depósitos de empresas y otros entes públicos nacionales,Depósitos por tipo de titular,Saldos a fin de mes,M,En miles de ARS,ML,1994-01-31,2026-06-30,394054.0
276,Otros depósitos de empresas y otros entes públicos provinciales,Depósitos por tipo de titular,Saldos a fin de mes,M,En miles de ARS,ML,1994-01-31,2026-06-30,137034.0
277,Otros depósitos de empresas y otros entes públicos municipales,Depósitos por tipo de titular,Saldos a fin de mes,M,En miles de ARS,ML,1994-01-31,2026-06-30,2066.0
278,Otros depósitos de empresas y otros entes públicos intergubernamentales,Depósitos por tipo de titular,Saldos a fin de mes,M,En miles de ARS,ML,1994-01-31,2026-06-30,5460.0
279,"Depósitos en cuentas corrientes de los gobiernos nacional, provinciales, municipales y corporaciones intergubernamentales",Depósitos por tipo de titular,Saldos a fin de mes,M,En miles de ARS,ME,2000-01-31,2026-06-30,0.0
280,Depósitos en cuentas corrientes de la administración central,Depósitos por tipo de titular,Saldos a fin de mes,M,En miles de ARS,ME,2000-01-31,2026-06-30,0.0
281,Depósitos en cuentas corrientes de las entidades descentralizadas,Depósitos por tipo de titular,Saldos a fin de mes,M,En miles de ARS,ME,2000-01-31,2026-06-30,0.0
282,Depósitos en cuentas corrientes de los gobiernos provinciales,Depósitos por tipo de titular,Saldos a fin de mes,M,En miles de ARS,ME,2000-01-31,2026-06-30,0.0
283,Depósitos en cuentas corrientes de los gobiernos municipales,Depósitos por tipo de titular,Saldos a fin de mes,M,En miles de ARS,ME,2000-01-31,2026-06-30,0.0
284,Depósitos en cuentas corrientes de los gobiernos de corporaciones integubernamentales,Depósitos por tipo de titular,Saldos a fin de mes,M,En miles de ARS,ME,2000-01-31,2026-06-30,0.0
285,Depósitos en cuentas corrientes de empresas y otros entes públicos nacionales,Depósitos por tipo de titular,Saldos a fin de mes,M,En miles de ARS,ME,2000-01-31,2026-06-30,0.0
286,Depósitos en cuentas corrientes de empresas y otros entes públicos provinciales,Depósitos por tipo de titular,Saldos a fin de mes,M,En miles de ARS,ME,2000-01-31,2026-06-30,0.0
287,Depósitos en cuentas corrientes de empresas y otros entes públicos municipales,Depósitos por tipo de titular,Saldos a fin de mes,M,En miles de ARS,ME,2000-01-31,2026-06-30,0.0
288,Depósitos en cuentas corrientes de empresas y otros entes públicos intergubernamentales,Depósitos por tipo de titular,Saldos a fin de mes,M,En miles de ARS,ME,2000-01-31,2026-06-30,0.0
289,"Depósitos en cajas de ahorro de los gobiernos nacional, provinciales, municipales y corporaciones intergubernamentales",Depósitos por tipo de titular,Saldos a fin de mes,M,En miles de ARS,ME,2000-01-31,2026-06-30,2105389.0
290,Depósitos en caja de ahorros de la administración central,Depósitos por tipo de titular,Saldos a fin de mes,M,En miles de ARS,ME,2000-01-31,2026-06-30,494501.0
291,Depósitos en caja de ahorros de las entidades descentralizadas,Depósitos por tipo de titular,Saldos a fin de mes,M,En miles de ARS,ME,2000-01-31,2026-06-30,350866.0
292,Depósitos en caja de ahorros de los gobiernos provinciales,Depósitos por tipo de titular,Saldos a fin de mes,M,En miles de ARS,ME,2000-01-31,2026-06-30,1246987.0
293,Depósitos en caja de ahorros de los gobiernos municipales,Depósitos por tipo de titular,Saldos a fin de mes,M,En miles de ARS,ME,2000-01-31,2026-06-30,12683.0
294,Depósitos en caja de ahorros de los gobiernos de corporaciones integubernamentales,Depósitos por tipo de titular,Saldos a fin de mes,M,En miles de ARS,ME,2000-01-31,2026-06-30,353.0
295,Depósitos en caja de ahorros de empresas y otros entes públicos nacionales,Depósitos por tipo de titular,Saldos a fin de mes,M,En miles de ARS,ME,2000-01-31,2026-06-30,385420.0
296,Depósitos en caja de ahorros de empresas y otros entes públicos provinciales,Depósitos por tipo de titular,Saldos a fin de mes,M,En miles de ARS,ME,2000-01-31,2026-06-30,73421.0
297,Depósitos en caja de ahorros de empresas y otros entes públicos municipales,Depósitos por tipo de titular,Saldos a fin de mes,M,En miles de ARS,ME,2000-01-31,2026-06-30,13.0
298,Depósitos en caja de ahorros de empresas y otros entes públicos intergubernamentales,Depósitos por tipo de titular,Saldos a fin de mes,M,En miles de ARS,ME,2000-01-31,2026-06-30,4074.0
299,"Depósitos a plazo fijo de los gobiernos nacional, provinciales, municipales y corporaciones intergubernamentales",Depósitos por tipo de titular,Saldos a fin de mes,M,En miles de ARS,ME,2000-01-31,2026-06-30,1065426.0
300,Depósitos en plazo fijo de la administración central,Depósitos por tipo de titular,Saldos a fin de mes,M,En miles de ARS,ME,2000-01-31,2026-06-30,21869.0
301,Depósitos en plazo fijo de las entidades descentralizadas,Depósitos por tipo de titular,Saldos a fin de mes,M,En miles de ARS,ME,2000-01-31,2026-06-30,481275.0
302,Depósitos en plazo fijo de los gobiernos provinciales,Depósitos por tipo de titular,Saldos a fin de mes,M,En miles de ARS,ME,2000-01-31,2026-06-30,407861.0
303,Depósitos en plazo fijo de los gobiernos municipales,Depósitos por tipo de titular,Saldos a fin de mes,M,En miles de ARS,ME,2000-01-31,2026-06-30,35376.0
304,Depósitos en plazo fijo de los gobiernos de corporaciones integubernamentales,Depósitos por tipo de titular,Saldos a fin de mes,M,En miles de ARS,ME,2000-01-31,2026-06-30,119045.0
305,Depósitos en plazo fijo de empresas y otros entes públicos nacionales,Depósitos por tipo de titular,Saldos a fin de mes,M,En miles de ARS,ME,2000-01-31,2026-06-30,260217.0
306,Depósitos en plazo fijo de empresas y otros entes públicos provinciales,Depósitos por tipo de titular,Saldos a fin de mes,M,En miles de ARS,ME,2000-01-31,2026-06-30,155169.0
307,Depósitos en plazo fijo de empresas y otros entes públicos municipales,Depósitos por tipo de titular,Saldos a fin de mes,M,En miles de ARS,ME,2000-01-31,2026-06-30,0.0
308,Depósitos en plazo fijo de empresas y otros entes públicos intergubernamentales,Depósitos por tipo de titular,Saldos a fin de mes,M,En miles de ARS,ME,2000-01-31,2026-06-30,2595.0
309,"Otros depósitos de los gobiernos nacional, provinciales, municipales y corporaciones intergubernamentales",Depósitos por tipo de titular,Saldos a fin de mes,M,En miles de ARS,ME,2000-01-31,2026-06-30,206049.0
310,Otros depósitos de la administración central,Depósitos por tipo de titular,Saldos a fin de mes,M,En miles de ARS,ME,2000-01-31,2026-06-30,22726.0
311,Otros depósitos de las entidades descentralizadas,Depósitos por tipo de titular,Saldos a fin de mes,M,En miles de ARS,ME,2000-01-31,2026-06-30,6150.0
312,Otros depósitos de los gobiernos provinciales,Depósitos por tipo de titular,Saldos a fin de mes,M,En miles de ARS,ME,2000-01-31,2026-06-30,176320.0
313,Otros depósitos de los gobiernos municipales,Depósitos por tipo de titular,Saldos a fin de mes,M,En miles de ARS,ME,2000-01-31,2026-06-30,853.0
314,Otros depósitos de corporaciones integubernamentales,Depósitos por tipo de titular,Saldos a fin de mes,M,En miles de ARS,ME,2000-01-31,2026-06-30,0.0
315,Otros depósitos de empresas y otros entes públicos nacionales,Depósitos por tipo de titular,Saldos a fin de mes,M,En miles de ARS,ME,2000-01-31,2026-06-30,2.0
316,Otros depósitos de empresas y otros entes públicos provinciales,Depósitos por tipo de titular,Saldos a fin de mes,M,En miles de ARS,ME,2000-01-31,2026-06-30,311.0
317,Otros depósitos de empresas y otros entes públicos municipales,Depósitos por tipo de titular,Saldos a fin de mes,M,En miles de ARS,ME,2000-01-31,2026-06-30,304.0
318,Otros depósitos de empresas y otros entes públicos intergubernamentales,Depósitos por tipo de titular,Saldos a fin de mes,M,En miles de ARS,ME,2000-01-31,2026-06-30,0.0
319,Utilización de fondos unificados de la Ciudad Autónoma de Buenos Aires,Depósitos por tipo de titular,Saldos a fin de mes,M,En miles de ARS,ML,1999-12-31,2026-06-30,0.0
320,Total de préstamos a la Ciudad Autónoma de Buenos Aires,Préstamos por tipo de titular,Saldos a fin de mes,M,En miles de ARS,ML,1999-12-31,2026-06-30,4413.0
321,Total de depósitos de la Ciudad Autónoma de Buenos Aires,Depósitos por tipo de titular,Saldos a fin de mes,M,En miles de ARS,ML,1999-12-31,2026-06-30,1036259.0
322,Utilización de fondos unificados de la provincia de Buenos Aires,Préstamos por tipo de titular,Saldos a fin de mes,M,En miles de ARS,ML,1999-12-31,2026-06-30,1290386.0
323,Total de préstamos a la provincia de Buenos Aires,Préstamos por tipo de titular,Saldos a fin de mes,M,En miles de ARS,ML,1999-12-31,2026-06-30,36.0
324,Total de depósitos de la provincia de Buenos Aires,Depósitos por tipo de titular,Saldos a fin de mes,M,En miles de ARS,ML,1999-12-31,2026-06-30,2977902.0
325,Utilización de fondos unificados de la provincia de Catamarca,Préstamos por tipo de titular,Saldos a fin de mes,M,En miles de ARS,ML,1999-12-31,2026-06-30,99957.0
326,Total de préstamos a la provincia de Catamarca,Préstamos por tipo de titular,Saldos a fin de mes,M,En miles de ARS,ML,1999-12-31,2026-06-30,83267.0
327,Total de depósitos de la provincia de Catamarca,Depósitos por tipo de titular,Saldos a fin de mes,M,En miles de ARS,ML,1999-12-31,2026-06-30,259739.0
328,Utilización de fondos unificados de la provincia de Córdoba,Préstamos por tipo de titular,Saldos a fin de mes,M,En miles de ARS,ML,1999-12-31,2026-06-30,1277844.0
329,Total de préstamos a la provincia de Córdoba,Préstamos por tipo de titular,Saldos a fin de mes,M,En miles de ARS,ML,1999-12-31,2026-06-30,31.0
330,Total de depósitos de la provincia de Córdoba,Depósitos por tipo de titular,Saldos a fin de mes,M,En miles de ARS,ML,1999-12-31,2026-06-30,2530656.0
331,Utilización de fondos unificados de la provincia de Corrientes,Depósitos por tipo de titular,Saldos a fin de mes,M,En miles de ARS,ML,1999-12-31,2026-06-30,10000.0
332,Total de préstamos a la provincia de Corrientes,Préstamos por tipo de titular,Saldos a fin de mes,M,En miles de ARS,ML,1999-12-31,2026-06-30,8.0
333,Total de depósitos de la provincia de Corrientes,Depósitos por tipo de titular,Saldos a fin de mes,M,En miles de ARS,ML,1999-12-31,2026-06-30,179590.0
334,Utilización de fondos unificados de la provincia de Chaco,Depósitos por tipo de titular,Saldos a fin de mes,M,En miles de ARS,ML,1999-12-31,2026-06-30,104617.0
335,Total de préstamos a la provincia de Chaco,Préstamos por tipo de titular,Saldos a fin de mes,M,En miles de ARS,ML,1999-12-31,2026-06-30,31446.0
336,Total de depósitos de la provincia de Chaco,Depósitos por tipo de titular,Saldos a fin de mes,M,En miles de ARS,ML,1999-12-31,2026-06-30,272413.0
337,Utilización de fondos unificados de la provincia de Chubut,Depósitos por tipo de titular,Saldos a fin de mes,M,En miles de ARS,ML,1999-12-31,2026-06-30,137294.0
338,Total de préstamos a la provincia de Chubut,Préstamos por tipo de titular,Saldos a fin de mes,M,En miles de ARS,ML,1999-12-31,2026-06-30,63.0
339,Total de depósitos de la provincia de Chubut,Depósitos por tipo de titular,Saldos a fin de mes,M,En miles de ARS,ML,1999-12-31,2026-06-30,357666.0
340,Utilización de fondos unificados de la provincia de Entre Ríos,Depósitos por tipo de titular,Saldos a fin de mes,M,En miles de ARS,ML,1999-12-31,2026-06-30,203300.0
341,Total de préstamos a la provincia de Entre Ríos,Préstamos por tipo de titular,Saldos a fin de mes,M,En miles de ARS,ML,1999-12-31,2026-06-30,43040.0
342,Total de depósitos de la provincia de Entre Ríos,Depósitos por tipo de titular,Saldos a fin de mes,M,En miles de ARS,ML,1999-12-31,2026-06-30,584765.0
343,Utilización de fondos unificados de la provincia de Formosa,Depósitos por tipo de titular,Saldos a fin de mes,M,En miles de ARS,ML,1999-12-31,2026-06-30,0.0
344,Total de préstamos a la provincia de Formosa,Préstamos por tipo de titular,Saldos a fin de mes,M,En miles de ARS,ML,1999-12-31,2026-06-30,10.0
345,Total de depósitos de la provincia de Formosa,Depósitos por tipo de titular,Saldos a fin de mes,M,En miles de ARS,ML,1999-12-31,2026-06-30,143938.0
346,Utilización de fondos unificados de la provincia de Jujuy,Depósitos por tipo de titular,Saldos a fin de mes,M,En miles de ARS,ML,1999-12-31,2026-06-30,51568.0
347,Total de préstamos a la provincia de Jujuy,Préstamos por tipo de titular,Saldos a fin de mes,M,En miles de ARS,ML,1999-12-31,2026-06-30,879.0
348,Total de depósitos de la provincia de Jujuy,Depósitos por tipo de titular,Saldos a fin de mes,M,En miles de ARS,ML,1999-12-31,2026-06-30,231341.0
349,Utilización de fondos unificados de la provincia de La Pampa,Depósitos por tipo de titular,Saldos a fin de mes,M,En miles de ARS,ML,1999-12-31,2026-06-30,0.0
350,Total de préstamos a la provincia de La Pampa,Préstamos por tipo de titular,Saldos a fin de mes,M,En miles de ARS,ML,1999-12-31,2026-06-30,2.0
351,Total de depósitos de la provincia de La Pampa,Depósitos por tipo de titular,Saldos a fin de mes,M,En miles de ARS,ML,1999-12-31,2026-06-30,201525.0
352,Utilización de fondos unificados de la provincia de La Rioja,Depósitos por tipo de titular,Saldos a fin de mes,M,En miles de ARS,ML,1999-12-31,2026-06-30,0.0
353,Total de préstamos a la provincia de La Rioja,Préstamos por tipo de titular,Saldos a fin de mes,M,En miles de ARS,ML,1999-12-31,2026-06-30,103.0
354,Total de depósitos de la provincia de La Rioja,Depósitos por tipo de titular,Saldos a fin de mes,M,En miles de ARS,ML,1999-12-31,2026-06-30,161144.0
355,Utilización de fondos unificados de la provincia de Mendoza,Depósitos por tipo de titular,Saldos a fin de mes,M,En miles de ARS,ML,1999-12-31,2026-06-30,192477.0
356,Total de préstamos a la provincia de Mendoza,Préstamos por tipo de titular,Saldos a fin de mes,M,En miles de ARS,ML,1999-12-31,2026-06-30,112469.0
357,Total de depósitos de la provincia de Mendoza,Depósitos por tipo de titular,Saldos a fin de mes,M,En miles de ARS,ML,1999-12-31,2026-06-30,280574.0
358,Utilización de fondos unificados de la provincia de Misiones,Depósitos por tipo de titular,Saldos a fin de mes,M,En miles de ARS,ML,1999-12-31,2026-06-30,111852.0
359,Total de préstamos a la provincia de Misiones,Préstamos por tipo de titular,Saldos a fin de mes,M,En miles de ARS,ML,1999-12-31,2026-06-30,56013.0
360,Total de depósitos de la provincia de Misiones,Depósitos por tipo de titular,Saldos a fin de mes,M,En miles de ARS,ML,1999-12-31,2026-06-30,209235.0
361,Utilización de fondos unificados de la provincia de Neuquén,Depósitos por tipo de titular,Saldos a fin de mes,M,En miles de ARS,ML,1999-12-31,2026-06-30,180000.0
362,Total de préstamos a la provincia de Neuquén,Préstamos por tipo de titular,Saldos a fin de mes,M,En miles de ARS,ML,1999-12-31,2026-06-30,24163.0
363,Total de depósitos de la provincia de Neuquén,Depósitos por tipo de titular,Saldos a fin de mes,M,En miles de ARS,ML,1999-12-31,2026-06-30,541112.0
364,Utilización de fondos unificados de la provincia de Rio Negro,Depósitos por tipo de titular,Saldos a fin de mes,M,En miles de ARS,ML,1999-12-31,2026-06-30,309515.0
365,Total de préstamos a la provincia de Rio Negro,Préstamos por tipo de titular,Saldos a fin de mes,M,En miles de ARS,ML,1999-12-31,2026-06-30,23262.0
366,Total de depósitos de la provincia de Rio Negro,Depósitos por tipo de titular,Saldos a fin de mes,M,En miles de ARS,ML,1999-12-31,2026-06-30,329037.0
367,Utilización de fondos unificados de la provincia de Salta,Depósitos por tipo de titular,Saldos a fin de mes,M,En miles de ARS,ML,1999-12-31,2026-06-30,85992.0
368,Total de préstamos a la provincia de Salta,Préstamos por tipo de titular,Saldos a fin de mes,M,En miles de ARS,ML,1999-12-31,2026-06-30,92415.0
369,Total de depósitos de la provincia de Salta,Depósitos por tipo de titular,Saldos a fin de mes,M,En miles de ARS,ML,1999-12-31,2026-06-30,162431.0
370,Utilización de fondos unificados de la provincia de San Juan,Depósitos por tipo de titular,Saldos a fin de mes,M,En miles de ARS,ML,1999-12-31,2026-06-30,32132.0
371,Total de préstamos a la provincia de San Juan,Préstamos por tipo de titular,Saldos a fin de mes,M,En miles de ARS,ML,1999-12-31,2026-06-30,46.0
372,Total de depósitos de la provincia de San Juan,Depósitos por tipo de titular,Saldos a fin de mes,M,En miles de ARS,ML,1999-12-31,2026-06-30,390319.0
373,Utilización de fondos unificados de la provincia de San Luis,Depósitos por tipo de titular,Saldos a fin de mes,M,En miles de ARS,ML,1999-12-31,2026-06-30,1512430.0
374,Total de préstamos a la provincia de San Luis,Préstamos por tipo de titular,Saldos a fin de mes,M,En miles de ARS,ML,1999-12-31,2026-06-30,0.0
375,Total de depósitos de la provincia de San Luis,Depósitos por tipo de titular,Saldos a fin de mes,M,En miles de ARS,ML,1999-12-31,2026-06-30,1750452.0
376,Utilización de fondos unificados de la provincia de Santa Cruz,Depósitos por tipo de titular,Saldos a fin de mes,M,En miles de ARS,ML,1999-12-31,2026-06-30,61500.0
377,Total de préstamos a la provincia de Santa Cruz,Préstamos por tipo de titular,Saldos a fin de mes,M,En miles de ARS,ML,1999-12-31,2026-06-30,0.0
378,Total de depósitos de la provincia de Santa Cruz,Depósitos por tipo de titular,Saldos a fin de mes,M,En miles de ARS,ML,1999-12-31,2026-06-30,207160.0
379,Utilización de fondos unificados de la provincia de Santa Fe,Depósitos por tipo de titular,Saldos a fin de mes,M,En miles de ARS,ML,1999-12-31,2026-06-30,1683590.0
380,Total de préstamos a la provincia de Santa Fe,Préstamos por tipo de titular,Saldos a fin de mes,M,En miles de ARS,ML,1999-12-31,2026-06-30,7268.0
381,Total de depósitos de la provincia de Santa Fe,Depósitos por tipo de titular,Saldos a fin de mes,M,En miles de ARS,ML,1999-12-31,2026-06-30,2417087.0
382,Utilización de fondos unificados de la provincia de Santiago del Estero,Préstamos por tipo de titular,Saldos a fin de mes,M,En miles de ARS,ML,1999-12-31,2026-06-30,0.0
383,Total de préstamos a la provincia de Santiago del Estero,Préstamos por tipo de titular,Saldos a fin de mes,M,En miles de ARS,ML,1999-12-31,2026-06-30,0.0
384,Total de depósitos de la provincia de Santiago del Estero,Depósitos por tipo de titular,Saldos a fin de mes,M,En miles de ARS,ML,1999-12-31,2026-06-30,576560.0
385,Utilización de fondos unificados de la provincia de Tierra del Fuego,Préstamos por tipo de titular,Saldos a fin de mes,M,En miles de ARS,ML,1999-12-31,2026-06-30,78050.0
386,Total de préstamos a la provincia de Tierra del Fuego,Préstamos por tipo de titular,Saldos a fin de mes,M,En miles de ARS,ML,1999-12-31,2026-06-30,0.0
387,Total de depósitos de la provincia de Tierra del Fuego,Depósitos por tipo de titular,Saldos a fin de mes,M,En miles de ARS,ML,1999-12-31,2026-06-30,113989.0
388,Utilización de fondos unificados de la provincia de Tucumán,Préstamos por tipo de titular,Saldos a fin de mes,M,En miles de ARS,ML,1999-12-31,2026-06-30,228609.0
389,Total de préstamos a la provincia de Tucumán,Préstamos por tipo de titular,Saldos a fin de mes,M,En miles de ARS,ML,1999-12-31,2026-06-30,135219.0
390,Total de depósitos de la provincia de Tucumán,Depósitos por tipo de titular,Saldos a fin de mes,M,En miles de ARS,ML,1999-12-31,2026-06-30,455424.0
391,Depósitos en cuentas corrientes de la Ciudad Autónoma de Buenos Aires,Depósitos por tipo de titular,Saldos a fin de mes,M,En miles de ARS,ML,1999-12-31,2026-06-30,605665.0
392,Depósitos en caja de ahorros de la Ciudad Autónoma de Buenos Aires,Depósitos por tipo de titular,Saldos a fin de mes,M,En miles de ARS,ML,1999-12-31,2026-06-30,2777.0
393,Depósitos a plazo fijo de la Ciudad Autónoma de Buenos Aires,Depósitos por tipo de titular,Saldos a fin de mes,M,En miles de ARS,ML,1999-12-31,2026-06-30,426259.0
394,Depósitos en cuentas corrientes de la provincia de Buenos Aires,Depósitos por tipo de titular,Saldos a fin de mes,M,En miles de ARS,ML,1999-12-31,2026-06-30,2091578.0
395,Depósitos en caja de ahorros de la provincia de Buenos Aires,Depósitos por tipo de titular,Saldos a fin de mes,M,En miles de ARS,ML,1999-12-31,2026-06-30,9.0
396,Depósitos a plazo fijo de la provincia de Buenos Aires,Depósitos por tipo de titular,Saldos a fin de mes,M,En miles de ARS,ML,1999-12-31,2026-06-30,553048.0
397,Depósitos en cuentas corrientes de la provincia de Catamarca,Depósitos por tipo de titular,Saldos a fin de mes,M,En miles de ARS,ML,1999-12-31,2026-06-30,106416.0
398,Depósitos en caja de ahorros de la provincia de Catamarca,Depósitos por tipo de titular,Saldos a fin de mes,M,En miles de ARS,ML,1999-12-31,2026-06-30,1282.0
399,Depósitos a plazo fijo de la provincia de Catamarca,Depósitos por tipo de titular,Saldos a fin de mes,M,En miles de ARS,ML,1999-12-31,2026-06-30,140740.0
400,Depósitos en cuentas corrientes de la provincia de Córdoba,Depósitos por tipo de titular,Saldos a fin de mes,M,En miles de ARS,ML,1999-12-31,2026-06-30,1291833.0
401,Depósitos en caja de ahorros de la provincia de Córdoba,Depósitos por tipo de titular,Saldos a fin de mes,M,En miles de ARS,ML,1999-12-31,2026-06-30,11.0
402,Depósitos a plazo fijo de la provincia de Córdoba,Depósitos por tipo de titular,Saldos a fin de mes,M,En miles de ARS,ML,1999-12-31,2026-06-30,1019025.0
403,Depósitos en cuentas corrientes de la provincia de Corrientes,Depósitos por tipo de titular,Saldos a fin de mes,M,En miles de ARS,ML,1999-12-31,2026-06-30,126099.0
404,Depósitos en caja de ahorros de la provincia de Corrientes,Depósitos por tipo de titular,Saldos a fin de mes,M,En miles de ARS,ML,1999-12-31,2026-06-30,374.0
405,Depósitos a plazo fijo de la provincia de Corrientes,Depósitos por tipo de titular,Saldos a fin de mes,M,En miles de ARS,ML,1999-12-31,2026-06-30,16158.0
406,Depósitos en cuentas corrientes de la provincia de Chaco,Depósitos por tipo de titular,Saldos a fin de mes,M,En miles de ARS,ML,1999-12-31,2026-06-30,202896.0
407,Depósitos en caja de ahorros de la provincia de Chaco,Depósitos por tipo de titular,Saldos a fin de mes,M,En miles de ARS,ML,1999-12-31,2026-06-30,1914.0
408,Depósitos a plazo fijo de la provincia de Chaco,Depósitos por tipo de titular,Saldos a fin de mes,M,En miles de ARS,ML,1999-12-31,2026-06-30,41297.0
409,Depósitos en cuentas corrientes de la provincia de Chubut,Depósitos por tipo de titular,Saldos a fin de mes,M,En miles de ARS,ML,1999-12-31,2026-06-30,135408.0
410,Depósitos en caja de ahorros de la provincia de Chubut,Depósitos por tipo de titular,Saldos a fin de mes,M,En miles de ARS,ML,1999-12-31,2026-06-30,1598.0
411,Depósitos a plazo fijo de la provincia de Chubut,Depósitos por tipo de titular,Saldos a fin de mes,M,En miles de ARS,ML,1999-12-31,2026-06-30,38227.0
412,Depósitos en cuentas corrientes de la provincia de Entre Ríos,Depósitos por tipo de titular,Saldos a fin de mes,M,En miles de ARS,ML,1999-12-31,2026-06-30,217723.0
413,Depósitos en caja de ahorros de la provincia de Entre Ríos,Depósitos por tipo de titular,Saldos a fin de mes,M,En miles de ARS,ML,1999-12-31,2026-06-30,3434.0
414,Depósitos a plazo fijo de la provincia de Entre Ríos,Depósitos por tipo de titular,Saldos a fin de mes,M,En miles de ARS,ML,1999-12-31,2026-06-30,11985.0
415,Depósitos en cuentas corrientes de la provincia de Formosa,Depósitos por tipo de titular,Saldos a fin de mes,M,En miles de ARS,ML,1999-12-31,2026-06-30,135797.0
416,Depósitos en caja de ahorros de la provincia de Formosa,Depósitos por tipo de titular,Saldos a fin de mes,M,En miles de ARS,ML,1999-12-31,2026-06-30,7.0
417,Depósitos a plazo fijo de la provincia de Formosa,Depósitos por tipo de titular,Saldos a fin de mes,M,En miles de ARS,ML,1999-12-31,2026-06-30,8129.0
418,Depósitos en cuentas corrientes de la provincia de Jujuy,Depósitos por tipo de titular,Saldos a fin de mes,M,En miles de ARS,ML,1999-12-31,2026-06-30,145691.0
419,Depósitos en caja de ahorros de la provincia de Jujuy,Depósitos por tipo de titular,Saldos a fin de mes,M,En miles de ARS,ML,1999-12-31,2026-06-30,92.0
420,Depósitos a plazo fijo de la provincia de Jujuy,Depósitos por tipo de titular,Saldos a fin de mes,M,En miles de ARS,ML,1999-12-31,2026-06-30,26142.0
421,Depósitos en cuentas corrientes de la provincia de La Pampa,Depósitos por tipo de titular,Saldos a fin de mes,M,En miles de ARS,ML,1999-12-31,2026-06-30,33397.0
422,Depósitos en caja de ahorros de la provincia de La Pampa,Depósitos por tipo de titular,Saldos a fin de mes,M,En miles de ARS,ML,1999-12-31,2026-06-30,632.0
423,Depósitos a plazo fijo de la provincia de La Pampa,Depósitos por tipo de titular,Saldos a fin de mes,M,En miles de ARS,ML,1999-12-31,2026-06-30,84904.0
424,Depósitos en cuentas corrientes de la provincia de La Rioja,Depósitos por tipo de titular,Saldos a fin de mes,M,En miles de ARS,ML,1999-12-31,2026-06-30,155596.0
425,Depósitos en caja de ahorros de la provincia de La Rioja,Depósitos por tipo de titular,Saldos a fin de mes,M,En miles de ARS,ML,1999-12-31,2026-06-30,5041.0
426,Depósitos a plazo fijo de la provincia de La Rioja,Depósitos por tipo de titular,Saldos a fin de mes,M,En miles de ARS,ML,1999-12-31,2026-06-30,507.0
427,Depósitos en cuentas corrientes de la provincia de Mendoza,Depósitos por tipo de titular,Saldos a fin de mes,M,En miles de ARS,ML,1999-12-31,2026-06-30,214233.0
428,Depósitos en caja de ahorros de la provincia de Mendoza,Depósitos por tipo de titular,Saldos a fin de mes,M,En miles de ARS,ML,1999-12-31,2026-06-30,5583.0
429,Depósitos a plazo fijo de la provincia de Mendoza,Depósitos por tipo de titular,Saldos a fin de mes,M,En miles de ARS,ML,1999-12-31,2026-06-30,60758.0
430,Depósitos en cuentas corrientes de la provincia de Misiones,Depósitos por tipo de titular,Saldos a fin de mes,M,En miles de ARS,ML,1999-12-31,2026-06-30,147957.0
431,Depósitos en caja de ahorros de la provincia de Misiones,Depósitos por tipo de titular,Saldos a fin de mes,M,En miles de ARS,ML,1999-12-31,2026-06-30,1895.0
432,Depósitos a plazo fijo de la provincia de Misiones,Depósitos por tipo de titular,Saldos a fin de mes,M,En miles de ARS,ML,1999-12-31,2026-06-30,39231.0
433,Depósitos en cuentas corrientes de la provincia de Neuquén,Depósitos por tipo de titular,Saldos a fin de mes,M,En miles de ARS,ML,1999-12-31,2026-06-30,391233.0
434,Depósitos en caja de ahorros de la provincia de Neuquén,Depósitos por tipo de titular,Saldos a fin de mes,M,En miles de ARS,ML,1999-12-31,2026-06-30,341.0
435,Depósitos a plazo fijo de la provincia de Neuquén,Depósitos por tipo de titular,Saldos a fin de mes,M,En miles de ARS,ML,1999-12-31,2026-06-30,113654.0
436,Depósitos en cuentas corrientes de la provincia de Rio Negro,Depósitos por tipo de titular,Saldos a fin de mes,M,En miles de ARS,ML,1999-12-31,2026-06-30,324802.0
437,Depósitos en caja de ahorros de la provincia de Rio Negro,Depósitos por tipo de titular,Saldos a fin de mes,M,En miles de ARS,ML,1999-12-31,2026-06-30,4.0
438,Depósitos a plazo fijo de la provincia de Rio Negro,Depósitos por tipo de titular,Saldos a fin de mes,M,En miles de ARS,ML,1999-12-31,2026-06-30,1462.0
439,Depósitos en cuentas corrientes de la provincia de Salta,Depósitos por tipo de titular,Saldos a fin de mes,M,En miles de ARS,ML,1999-12-31,2026-06-30,77398.0
440,Depósitos en caja de ahorros de la provincia de Salta,Depósitos por tipo de titular,Saldos a fin de mes,M,En miles de ARS,ML,1999-12-31,2026-06-30,6286.0
441,Depósitos a plazo fijo de la provincia de Salta,Depósitos por tipo de titular,Saldos a fin de mes,M,En miles de ARS,ML,1999-12-31,2026-06-30,58094.0
442,Depósitos en cuentas corrientes de la provincia de San Juan,Depósitos por tipo de titular,Saldos a fin de mes,M,En miles de ARS,ML,1999-12-31,2026-06-30,100021.0
443,Depósitos en caja de ahorros de la provincia de San Juan,Depósitos por tipo de titular,Saldos a fin de mes,M,En miles de ARS,ML,1999-12-31,2026-06-30,1776.0
444,Depósitos a plazo fijo de la provincia de San Juan,Depósitos por tipo de titular,Saldos a fin de mes,M,En miles de ARS,ML,1999-12-31,2026-06-30,35951.0
445,Depósitos en cuentas corrientes de la provincia de San Luis,Depósitos por tipo de titular,Saldos a fin de mes,M,En miles de ARS,ML,1999-12-31,2026-06-30,1522368.0
446,Depósitos en caja de ahorros de la provincia de San Luis,Depósitos por tipo de titular,Saldos a fin de mes,M,En miles de ARS,ML,1999-12-31,2026-06-30,0.0
447,Depósitos a plazo fijo de la provincia de San Luis,Depósitos por tipo de titular,Saldos a fin de mes,M,En miles de ARS,ML,1999-12-31,2026-06-30,81847.0
448,Depósitos en cuentas corrientes de la provincia de Santa Cruz,Depósitos por tipo de titular,Saldos a fin de mes,M,En miles de ARS,ML,1999-12-31,2026-06-30,67767.0
449,Depósitos en caja de ahorros de la provincia de Santa Cruz,Depósitos por tipo de titular,Saldos a fin de mes,M,En miles de ARS,ML,1999-12-31,2026-06-30,2135.0
450,Depósitos a plazo fijo de la provincia de Santa Cruz,Depósitos por tipo de titular,Saldos a fin de mes,M,En miles de ARS,ML,1999-12-31,2026-06-30,96364.0
451,Depósitos en cuentas corrientes de la provincia de Santa Fe,Depósitos por tipo de titular,Saldos a fin de mes,M,En miles de ARS,ML,1999-12-31,2026-06-30,1811617.0
452,Depósitos en caja de ahorros de la provincia de Santa Fe,Depósitos por tipo de titular,Saldos a fin de mes,M,En miles de ARS,ML,1999-12-31,2026-06-30,10048.0
453,Depósitos a plazo fijo de la provincia de Santa Fe,Depósitos por tipo de titular,Saldos a fin de mes,M,En miles de ARS,ML,1999-12-31,2026-06-30,30962.0
454,Depósitos en cuentas corrientes de la provincia de Santiago del Estero,Depósitos por tipo de titular,Saldos a fin de mes,M,En miles de ARS,ML,1999-12-31,2026-06-30,97992.0
455,Depósitos en caja de ahorros de la provincia de Santiago del Estero,Depósitos por tipo de titular,Saldos a fin de mes,M,En miles de ARS,ML,1999-12-31,2026-06-30,6881.0
456,Depósitos a plazo fijo de la provincia de Santiago del Estero,Depósitos por tipo de titular,Saldos a fin de mes,M,En miles de ARS,ML,1999-12-31,2026-06-30,455691.0
457,Depósitos en cuentas corrientes de la provincia de Tierra del Fuego,Depósitos por tipo de titular,Saldos a fin de mes,M,En miles de ARS,ML,1999-12-31,2026-06-30,112714.0
458,Depósitos en caja de ahorros de la provincia de Tierra del Fuego,Depósitos por tipo de titular,Saldos a fin de mes,M,En miles de ARS,ML,1999-12-31,2026-06-30,18.0
459,Depósitos a plazo fijo de la provincia de Tierra del Fuego,Depósitos por tipo de titular,Saldos a fin de mes,M,En miles de ARS,ML,1999-12-31,2026-06-30,67.0
460,Depósitos en cuentas corrientes de la provincia de Tucumán,Depósitos por tipo de titular,Saldos a fin de mes,M,En miles de ARS,ML,1999-12-31,2026-06-30,172052.0
461,Depósitos en caja de ahorros de la provincia de Tucumán,Depósitos por tipo de titular,Saldos a fin de mes,M,En miles de ARS,ML,1999-12-31,2026-06-30,211537.0
462,Depósitos a plazo fijo de la provincia de Tucumán,Depósitos por tipo de titular,Saldos a fin de mes,M,En miles de ARS,ML,1999-12-31,2026-06-30,35776.0
463,Total de préstamos a la Ciudad Autónoma de Buenos Aires,Préstamos por tipo de titular,Saldos a fin de mes,M,En miles de ARS,ME,1999-12-31,2026-06-30,0.0
464,Total de depósitos de la Ciudad Autónoma de Buenos Aires,Depósitos por tipo de titular,Saldos a fin de mes,M,En miles de ARS,ME,1999-12-31,2026-06-30,768289.0
465,Total de préstamos a la provincia de Buenos Aires,Préstamos por tipo de titular,Saldos a fin de mes,M,En miles de ARS,ME,1999-12-31,2026-06-30,13.0
466,Total de depósitos de la provincia de Buenos Aires,Depósitos por tipo de titular,Saldos a fin de mes,M,En miles de ARS,ME,1999-12-31,2026-06-30,371323.0
467,Total de préstamos a la provincia de Catamarca,Préstamos por tipo de titular,Saldos a fin de mes,M,En miles de ARS,ME,1999-12-31,2026-06-30,0.0
468,Total de depósitos de la provincia de Catamarca,Depósitos por tipo de titular,Saldos a fin de mes,M,En miles de ARS,ME,1999-12-31,2026-06-30,359.0
469,Total de préstamos a la provincia de Córdoba,Préstamos por tipo de titular,Saldos a fin de mes,M,En miles de ARS,ME,1999-12-31,2026-06-30,25.0
470,Total de depósitos de la provincia de Córdoba,Depósitos por tipo de titular,Saldos a fin de mes,M,En miles de ARS,ME,1999-12-31,2026-06-30,69700.0
471,Total de préstamos a la provincia de Corrientes,Préstamos por tipo de titular,Saldos a fin de mes,M,En miles de ARS,ME,1999-12-31,2026-06-30,0.0
472,Total de depósitos de la provincia de Corrientes,Depósitos por tipo de titular,Saldos a fin de mes,M,En miles de ARS,ME,1999-12-31,2026-06-30,6855.0
473,Total de préstamos a la provincia de Chaco,Préstamos por tipo de titular,Saldos a fin de mes,M,En miles de ARS,ME,1999-12-31,2026-06-30,16276.0
474,Total de depósitos de la provincia de Chaco,Depósitos por tipo de titular,Saldos a fin de mes,M,En miles de ARS,ME,1999-12-31,2026-06-30,21971.0
475,Total de préstamos a la provincia de Chubut,Préstamos por tipo de titular,Saldos a fin de mes,M,En miles de ARS,ME,1999-12-31,2026-06-30,1074.0
476,Total de depósitos de la provincia de Chubut,Depósitos por tipo de titular,Saldos a fin de mes,M,En miles de ARS,ME,1999-12-31,2026-06-30,78308.0
477,Total de préstamos a la provincia de Entre Ríos,Préstamos por tipo de titular,Saldos a fin de mes,M,En miles de ARS,ME,1999-12-31,2026-06-30,0.0
478,Total de depósitos de la provincia de Entre Ríos,Depósitos por tipo de titular,Saldos a fin de mes,M,En miles de ARS,ME,1999-12-31,2026-06-30,11630.0
479,Total de préstamos a la provincia de Formosa,Préstamos por tipo de titular,Saldos a fin de mes,M,En miles de ARS,ME,1999-12-31,2026-06-30,0.0
480,Total de depósitos de la provincia de Formosa,Depósitos por tipo de titular,Saldos a fin de mes,M,En miles de ARS,ME,1999-12-31,2026-06-30,14010.0
481,Total de préstamos a la provincia de Jujuy,Préstamos por tipo de titular,Saldos a fin de mes,M,En miles de ARS,ME,1999-12-31,2026-06-30,0.0
482,Total de depósitos de la provincia de Jujuy,Depósitos por tipo de titular,Saldos a fin de mes,M,En miles de ARS,ME,1999-12-31,2026-06-30,41538.0
483,Total de préstamos a la provincia de La Pampa,Préstamos por tipo de titular,Saldos a fin de mes,M,En miles de ARS,ME,1999-12-31,2026-06-30,0.0
484,Total de depósitos de la provincia de La Pampa,Depósitos por tipo de titular,Saldos a fin de mes,M,En miles de ARS,ME,1999-12-31,2026-06-30,28756.0
485,Total de préstamos a la provincia de La Rioja,Préstamos por tipo de titular,Saldos a fin de mes,M,En miles de ARS,ME,1999-12-31,2026-06-30,3.0
486,Total de depósitos de la provincia de La Rioja,Depósitos por tipo de titular,Saldos a fin de mes,M,En miles de ARS,ME,1999-12-31,2026-06-30,188.0
487,Total de préstamos a la provincia de Mendoza,Préstamos por tipo de titular,Saldos a fin de mes,M,En miles de ARS,ME,1999-12-31,2026-06-30,7.0
488,Total de depósitos de la provincia de Mendoza,Depósitos por tipo de titular,Saldos a fin de mes,M,En miles de ARS,ME,1999-12-31,2026-06-30,86505.0
489,Total de préstamos a la provincia de Misiones,Préstamos por tipo de titular,Saldos a fin de mes,M,En miles de ARS,ME,1999-12-31,2026-06-30,0.0
490,Total de depósitos de la provincia de Misiones,Depósitos por tipo de titular,Saldos a fin de mes,M,En miles de ARS,ME,1999-12-31,2026-06-30,3478.0
491,Total de préstamos a la provincia de Neuquén,Préstamos por tipo de titular,Saldos a fin de mes,M,En miles de ARS,ME,1999-12-31,2026-06-30,21.0
492,Total de depósitos de la provincia de Neuquén,Depósitos por tipo de titular,Saldos a fin de mes,M,En miles de ARS,ME,1999-12-31,2026-06-30,11827.0
493,Total de préstamos a la provincia de Rio Negro,Préstamos por tipo de titular,Saldos a fin de mes,M,En miles de ARS,ME,1999-12-31,2026-06-30,0.0
494,Total de depósitos de la provincia de Rio Negro,Depósitos por tipo de titular,Saldos a fin de mes,M,En miles de ARS,ME,1999-12-31,2026-06-30,4771.0
495,Total de préstamos a la provincia de Salta,Préstamos por tipo de titular,Saldos a fin de mes,M,En miles de ARS,ME,1999-12-31,2026-06-30,0.0
496,Total de depósitos de la provincia de Salta,Depósitos por tipo de titular,Saldos a fin de mes,M,En miles de ARS,ME,1999-12-31,2026-06-30,42155.0
497,Total de préstamos a la provincia de San Juan,Préstamos por tipo de titular,Saldos a fin de mes,M,En miles de ARS,ME,1999-12-31,2026-06-30,3.0
498,Total de depósitos de la provincia de San Juan,Depósitos por tipo de titular,Saldos a fin de mes,M,En miles de ARS,ME,1999-12-31,2026-06-30,85898.0
499,Total de préstamos a la provincia de San Luis,Préstamos por tipo de titular,Saldos a fin de mes,M,En miles de ARS,ME,1999-12-31,2026-06-30,0.0
500,Total de depósitos de la provincia de San Luis,Depósitos por tipo de titular,Saldos a fin de mes,M,En miles de ARS,ME,1999-12-31,2026-06-30,58032.0
501,Total de préstamos a la provincia de Santa Cruz,Préstamos por tipo de titular,Saldos a fin de mes,M,En miles de ARS,ME,1999-12-31,2026-06-30,0.0
502,Total de depósitos de la provincia de Santa Cruz,Depósitos por tipo de titular,Saldos a fin de mes,M,En miles de ARS,ME,1999-12-31,2026-06-30,12.0
503,Total de préstamos a la provincia de Santa Fe,Préstamos por tipo de titular,Saldos a fin de mes,M,En miles de ARS,ME,1999-12-31,2026-06-30,16.0
504,Total de depósitos de la provincia de Santa Fe,Depósitos por tipo de titular,Saldos a fin de mes,M,En miles de ARS,ME,1999-12-31,2026-06-30,71760.0
505,Total de préstamos a la provincia de Santiago del Estero,Préstamos por tipo de titular,Saldos a fin de mes,M,En miles de ARS,ME,1999-12-31,2026-06-30,0.0
506,Total de depósitos de la provincia de Santiago del Estero,Depósitos por tipo de titular,Saldos a fin de mes,M,En miles de ARS,ME,1999-12-31,2026-06-30,41605.0
507,Total de préstamos a la provincia de Tierra del Fuego,Préstamos por tipo de titular,Saldos a fin de mes,M,En miles de ARS,ME,1999-12-31,2026-06-30,0.0
508,Total de depósitos de la provincia de Tierra del Fuego,Depósitos por tipo de titular,Saldos a fin de mes,M,En miles de ARS,ME,1999-12-31,2026-06-30,1659.0
509,Total de préstamos a la provincia de Tucumán,Préstamos por tipo de titular,Saldos a fin de mes,M,En miles de ARS,ME,1999-12-31,2026-06-30,0.0
510,Total de depósitos de la provincia de Tucumán,Depósitos por tipo de titular,Saldos a fin de mes,M,En miles de ARS,ME,1999-12-31,2026-06-30,10541.0
511,Total de préstamos a municipios de la PBA,Préstamos por tipo de titular,Saldos a fin de mes,M,En miles de ARS,ML,1999-12-31,2026-06-30,13108.0
512,Total de depósitos de municipios de la PBA,Depósitos por tipo de titular,Saldos a fin de mes,M,En miles de ARS,ML,1999-12-31,2026-06-30,1105898.0
513,Total de préstamos a municipios de GBA,Préstamos por tipo de titular,Saldos a fin de mes,M,En miles de ARS,ML,1999-12-31,2026-06-30,3022.0
514,Total de depósitos de municipios de GBA,Depósitos por tipo de titular,Saldos a fin de mes,M,En miles de ARS,ML,1999-12-31,2026-06-30,732419.0
515,Total de préstamos a municipios de la PBA no incluidos en el GBA,Préstamos por tipo de titular,Saldos a fin de mes,M,En miles de ARS,ML,1999-12-31,2026-06-30,10086.0
516,Total de depósitos municipios de la PBA no incluidos en GBA,Depósitos por tipo de titular,Saldos a fin de mes,M,En miles de ARS,ML,1999-12-31,2026-06-30,373479.0
517,Total de préstamos a municipios de la provincia de Catamarca,Préstamos por tipo de titular,Saldos a fin de mes,M,En miles de ARS,ML,1999-12-31,2026-06-30,1779.0
518,Total de depósitos de municipios de la provincia de Catamarca,Depósitos por tipo de titular,Saldos a fin de mes,M,En miles de ARS,ML,1999-12-31,2026-06-30,42902.0
519,Total de préstamos a municipios de la provincia de Córdoba,Préstamos por tipo de titular,Saldos a fin de mes,M,En miles de ARS,ML,1999-12-31,2026-06-30,20503.0
520,Total de depósitos de municipios de la provincia de Córdoba,Depósitos por tipo de titular,Saldos a fin de mes,M,En miles de ARS,ML,1999-12-31,2026-06-30,140593.0
521,Total de préstamos a municipios de la provincia de Corrientes,Préstamos por tipo de titular,Saldos a fin de mes,M,En miles de ARS,ML,1999-12-31,2026-06-30,2088.0
522,Total de depósitos de municipios de la provincia de Corrientes,Depósitos por tipo de titular,Saldos a fin de mes,M,En miles de ARS,ML,1999-12-31,2026-06-30,34650.0
523,Total de préstamos a municipios de la provincia de Chaco,Préstamos por tipo de titular,Saldos a fin de mes,M,En miles de ARS,ML,1999-12-31,2026-06-30,383.0
524,Total de depósitos de municipios de la provincia de Chaco,Depósitos por tipo de titular,Saldos a fin de mes,M,En miles de ARS,ML,1999-12-31,2026-06-30,31209.0
525,Total de préstamos a municipios de la provincia de Chubut,Préstamos por tipo de titular,Saldos a fin de mes,M,En miles de ARS,ML,1999-12-31,2026-06-30,802.0
526,Total de depósitos de municipios de la provincia de Chubut,Depósitos por tipo de titular,Saldos a fin de mes,M,En miles de ARS,ML,1999-12-31,2026-06-30,62656.0
527,Total de préstamos a municipios de la provincia de Entre Ríos,Préstamos por tipo de titular,Saldos a fin de mes,M,En miles de ARS,ML,1999-12-31,2026-06-30,20.0
528,Total de depósitos de municipios de la provincia de Entre Ríos,Depósitos por tipo de titular,Saldos a fin de mes,M,En miles de ARS,ML,1999-12-31,2026-06-30,164587.0
529,Total de préstamos a municipios de la provincia de Formosa,Préstamos por tipo de titular,Saldos a fin de mes,M,En miles de ARS,ML,1999-12-31,2026-06-30,0.0
530,Total de depósitos de municipios de la provincia de Formosa,Depósitos por tipo de titular,Saldos a fin de mes,M,En miles de ARS,ML,1999-12-31,2026-06-30,2712.0
531,Total de préstamos a municipios de la provincia de Jujuy,Préstamos por tipo de titular,Saldos a fin de mes,M,En miles de ARS,ML,1999-12-31,2026-06-30,17.0
532,Total de depósitos de municipios de la provincia de Jujuy,Depósitos por tipo de titular,Saldos a fin de mes,M,En miles de ARS,ML,1999-12-31,2026-06-30,26866.0
533,Total de préstamos a municipios de la provincia de La Pampa,Préstamos por tipo de titular,Saldos a fin de mes,M,En miles de ARS,ML,1999-12-31,2026-06-30,18.0
534,Total de depósitos de municipios de la provincia de La Pampa,Depósitos por tipo de titular,Saldos a fin de mes,M,En miles de ARS,ML,1999-12-31,2026-06-30,30982.0
535,Total de préstamos a municipios de la provincia de La Rioja,Préstamos por tipo de titular,Saldos a fin de mes,M,En miles de ARS,ML,1999-12-31,2026-06-30,0.0
536,Total de depósitos de municipios de la provincia de La Rioja,Depósitos por tipo de titular,Saldos a fin de mes,M,En miles de ARS,ML,1999-12-31,2026-06-30,695.0
537,Total de préstamos a municipios de la provincia de Mendoza,Préstamos por tipo de titular,Saldos a fin de mes,M,En miles de ARS,ML,1999-12-31,2026-06-30,20361.0
538,Total de depósitos de municipios de la provincia de Mendoza,Depósitos por tipo de titular,Saldos a fin de mes,M,En miles de ARS,ML,1999-12-31,2026-06-30,49871.0
539,Total de préstamos a municipios de la provincia de Misiones,Préstamos por tipo de titular,Saldos a fin de mes,M,En miles de ARS,ML,1999-12-31,2026-06-30,1516.0
540,Total de depósitos de municipios de la provincia de Misiones,Depósitos por tipo de titular,Saldos a fin de mes,M,En miles de ARS,ML,1999-12-31,2026-06-30,29465.0
541,Total de préstamos a municipios de la provincia de Neuquén,Préstamos por tipo de titular,Saldos a fin de mes,M,En miles de ARS,ML,1999-12-31,2026-06-30,760.0
542,Total de depósitos de municipios de la provincia de Neuquén,Depósitos por tipo de titular,Saldos a fin de mes,M,En miles de ARS,ML,1999-12-31,2026-06-30,149732.0
543,Total de préstamos a municipios de la provincia de Rio Negro,Préstamos por tipo de titular,Saldos a fin de mes,M,En miles de ARS,ML,1999-12-31,2026-06-30,2988.0
544,Total de depósitos de municipios de la provincia de Rio Negro,Depósitos por tipo de titular,Saldos a fin de mes,M,En miles de ARS,ML,1999-12-31,2026-06-30,88157.0
545,Total de préstamos a municipios de la provincia de Salta,Préstamos por tipo de titular,Saldos a fin de mes,M,En miles de ARS,ML,1999-12-31,2026-06-30,1164.0
546,Total de depósitos de municipios de la provincia de Salta,Depósitos por tipo de titular,Saldos a fin de mes,M,En miles de ARS,ML,1999-12-31,2026-06-30,13444.0
547,Total de préstamos a municipios de la provincia de San Juan,Préstamos por tipo de titular,Saldos a fin de mes,M,En miles de ARS,ML,1999-12-31,2026-06-30,0.0
548,Total de depósitos de municipios de la provincia de San Juan,Depósitos por tipo de titular,Saldos a fin de mes,M,En miles de ARS,ML,1999-12-31,2026-06-30,64230.0
549,Total de préstamos a municipios de la provincia de San Luis,Préstamos por tipo de titular,Saldos a fin de mes,M,En miles de ARS,ML,1999-12-31,2026-06-30,1413.0
550,Total de depósitos de municipios de la provincia de San Luis,Depósitos por tipo de titular,Saldos a fin de mes,M,En miles de ARS,ML,1999-12-31,2026-06-30,14846.0
551,Total de préstamos a municipios de la provincia de Santa Cruz,Préstamos por tipo de titular,Saldos a fin de mes,M,En miles de ARS,ML,1999-12-31,2026-06-30,1298.0
552,Total de depósitos de municipios de la provincia de Santa Cruz,Depósitos por tipo de titular,Saldos a fin de mes,M,En miles de ARS,ML,1999-12-31,2026-06-30,63845.0
553,Total de préstamos a municipios de la provincia de Santa Fe,Préstamos por tipo de titular,Saldos a fin de mes,M,En miles de ARS,ML,1999-12-31,2026-06-30,4024.0
554,Total de depósitos de municipios de la provincia de Santa Fe,Depósitos por tipo de titular,Saldos a fin de mes,M,En miles de ARS,ML,1999-12-31,2026-06-30,282177.0
555,Total de préstamos a municipios de la provincia de Santiago del Estero,Préstamos por tipo de titular,Saldos a fin de mes,M,En miles de ARS,ML,1999-12-31,2026-06-30,0.0
556,Total de depósitos de municipios de la provincia de Santiago del Estero,Depósitos por tipo de titular,Saldos a fin de mes,M,En miles de ARS,ML,1999-12-31,2026-06-30,29639.0
557,Total de préstamos a municipios de la provincia de Tierra del Fuego,Préstamos por tipo de titular,Saldos a fin de mes,M,En miles de ARS,ML,1999-12-31,2026-06-30,13.0
558,Total de depósitos de municipios de la provincia de Tierra del Fuego,Depósitos por tipo de titular,Saldos a fin de mes,M,En miles de ARS,ML,1999-12-31,2026-06-30,18550.0
559,Total de préstamos a municipios de la provincia de Tucumán,Préstamos por tipo de titular,Saldos a fin de mes,M,En miles de ARS,ML,1999-12-31,2026-06-30,168.0
560,Total de depósitos de municipios de la provincia de Tucumán,Depósitos por tipo de titular,Saldos a fin de mes,M,En miles de ARS,ML,1999-12-31,2026-06-30,56478.0
561,Depósitos en cuentas corrientes de municipios de la PBA,Depósitos por tipo de titular,Saldos a fin de mes,M,En miles de ARS,ML,1999-12-31,2026-06-30,451729.0
562,Depósitos en caja de ahorros de municipios de la PBA,Depósitos por tipo de titular,Saldos a fin de mes,M,En miles de ARS,ML,1999-12-31,2026-06-30,400.0
563,Depósitos en plazo fijo de municipios de la PBA,Depósitos por tipo de titular,Saldos a fin de mes,M,En miles de ARS,ML,1999-12-31,2026-06-30,634738.0
564,Depósitos en cuentas corrientes de municipios del GBA,Depósitos por tipo de titular,Saldos a fin de mes,M,En miles de ARS,ML,1999-12-31,2026-06-30,206704.0
565,Depósitos en caja de ahorros de municipios del GBA,Depósitos por tipo de titular,Saldos a fin de mes,M,En miles de ARS,ML,1999-12-31,2026-06-30,30.0
566,Depósitos en plazo fijo de municipios del GBA,Depósitos por tipo de titular,Saldos a fin de mes,M,En miles de ARS,ML,1999-12-31,2026-06-30,514707.0
567,Depósitos en cuentas corrientes de municipios de la PBA no incluidos en GBA,Depósitos por tipo de titular,Saldos a fin de mes,M,En miles de ARS,ML,1999-12-31,2026-06-30,245025.0
568,Depósitos en caja de ahorros de municipios no incluidos en GBA,Depósitos por tipo de titular,Saldos a fin de mes,M,En miles de ARS,ML,1999-12-31,2026-06-30,370.0
569,Depósitos a plazo fijo de municipios no incluidos en el GBA,Depósitos por tipo de titular,Saldos a fin de mes,M,En miles de ARS,ML,1999-12-31,2026-06-30,120031.0
570,Depósitos en cuentas corrientes de municipios de la provincia de Catamarca,Depósitos por tipo de titular,Saldos a fin de mes,M,En miles de ARS,ML,1999-12-31,2026-06-30,13270.0
571,Depósitos en caja de ahorros de municipios de la provincia de Catamarca,Depósitos por tipo de titular,Saldos a fin de mes,M,En miles de ARS,ML,1999-12-31,2026-06-30,24.0
572,Depósitos a plazo fijo de municipios de la provincia de Catamarca,Depósitos por tipo de titular,Saldos a fin de mes,M,En miles de ARS,ML,1999-12-31,2026-06-30,29591.0
573,Depósitos en cuentas corrientes de municipios de la provincia de Córdoba,Depósitos por tipo de titular,Saldos a fin de mes,M,En miles de ARS,ML,1999-12-31,2026-06-30,55557.0
574,Depósitos en caja de ahorros de municipios de la provincia de Córdoba,Depósitos por tipo de titular,Saldos a fin de mes,M,En miles de ARS,ML,1999-12-31,2026-06-30,3736.0
575,Depósitos a plazo fijo de municipios de la provincia de Córdoba,Depósitos por tipo de titular,Saldos a fin de mes,M,En miles de ARS,ML,1999-12-31,2026-06-30,75780.0
576,Depósitos en cuentas corrientes de municipios de la provincia de Corrientes,Depósitos por tipo de titular,Saldos a fin de mes,M,En miles de ARS,ML,1999-12-31,2026-06-30,21753.0
577,Depósitos en caja de ahorros de municipios de la provincia de Corrientes,Depósitos por tipo de titular,Saldos a fin de mes,M,En miles de ARS,ML,1999-12-31,2026-06-30,390.0
578,Depósitos a plazo fijo de municipios de la provincia de Corrientes,Depósitos por tipo de titular,Saldos a fin de mes,M,En miles de ARS,ML,1999-12-31,2026-06-30,12506.0
579,Depósitos en cuentas corrientes de municipios de la provincia de Chaco,Depósitos por tipo de titular,Saldos a fin de mes,M,En miles de ARS,ML,1999-12-31,2026-06-30,14057.0
580,Depósitos en caja de ahorros de municipios de la provincia de Chaco,Depósitos por tipo de titular,Saldos a fin de mes,M,En miles de ARS,ML,1999-12-31,2026-06-30,4.0
581,Depósitos a plazo fijo de municipios de la provincia de Chaco,Depósitos por tipo de titular,Saldos a fin de mes,M,En miles de ARS,ML,1999-12-31,2026-06-30,8428.0
582,Depósitos en cuentas corrientes de municipios de la provincia de Chubut,Depósitos por tipo de titular,Saldos a fin de mes,M,En miles de ARS,ML,1999-12-31,2026-06-30,29514.0
583,Depósitos en caja de ahorros de municipios de la provincia de Chubut,Depósitos por tipo de titular,Saldos a fin de mes,M,En miles de ARS,ML,1999-12-31,2026-06-30,2407.0
584,Depósitos a plazo fijo de municipios de la provincia de Chubut,Depósitos por tipo de titular,Saldos a fin de mes,M,En miles de ARS,ML,1999-12-31,2026-06-30,21835.0
585,Depósitos en cuentas corrientes de municipios de la provincia de Entre Ríos,Depósitos por tipo de titular,Saldos a fin de mes,M,En miles de ARS,ML,1999-12-31,2026-06-30,42012.0
586,Depósitos en caja de ahorros de municipios de la provincia de Entre Ríos,Depósitos por tipo de titular,Saldos a fin de mes,M,En miles de ARS,ML,1999-12-31,2026-06-30,12234.0
587,Depósitos a plazo fijo de municipios de la provincia de Entre Ríos,Depósitos por tipo de titular,Saldos a fin de mes,M,En miles de ARS,ML,1999-12-31,2026-06-30,99332.0
588,Depósitos en cuentas corrientes de municipios de la provincia de Formosa,Depósitos por tipo de titular,Saldos a fin de mes,M,En miles de ARS,ML,1999-12-31,2026-06-30,1841.0
589,Depósitos en caja de ahorros de municipios de la provincia de Formosa,Depósitos por tipo de titular,Saldos a fin de mes,M,En miles de ARS,ML,1999-12-31,2026-06-30,130.0
590,Depósitos a plazo fijo de municipios de la provincia de Formosa,Depósitos por tipo de titular,Saldos a fin de mes,M,En miles de ARS,ML,1999-12-31,2026-06-30,241.0
591,Depósitos en cuentas corrientes de municipios de la provincia de Jujuy,Depósitos por tipo de titular,Saldos a fin de mes,M,En miles de ARS,ML,1999-12-31,2026-06-30,9423.0
592,Depósitos en caja de ahorros de municipios de la provincia de Jujuy,Depósitos por tipo de titular,Saldos a fin de mes,M,En miles de ARS,ML,1999-12-31,2026-06-30,347.0
593,Depósitos a plazo fijo de municipios de la provincia de Jujuy,Depósitos por tipo de titular,Saldos a fin de mes,M,En miles de ARS,ML,1999-12-31,2026-06-30,17096.0
594,Depósitos en cuentas corrientes de municipios de la provincia de la Pampa,Depósitos por tipo de titular,Saldos a fin de mes,M,En miles de ARS,ML,1999-12-31,2026-06-30,21490.0
595,Depósitos en caja de ahorros de municipios de la provincia de la Pampa,Depósitos por tipo de titular,Saldos a fin de mes,M,En miles de ARS,ML,1999-12-31,2026-06-30,423.0
596,Depósitos a plazo fijo de municipios de la provincia de la Pampa,Depósitos por tipo de titular,Saldos a fin de mes,M,En miles de ARS,ML,1999-12-31,2026-06-30,8369.0
597,Depósitos en cuentas corrientes de municipios de la provincia de la Rioja,Depósitos por tipo de titular,Saldos a fin de mes,M,En miles de ARS,ML,1999-12-31,2026-06-30,695.0
598,Depósitos en caja de ahorros de municipios de la provincia de la Rioja,Depósitos por tipo de titular,Saldos a fin de mes,M,En miles de ARS,ML,1999-12-31,2026-06-30,0.0
599,Depósitos a plazo fijo de municipios de la provincia de la Rioja,Depósitos por tipo de titular,Saldos a fin de mes,M,En miles de ARS,ML,1999-12-31,2026-06-30,0.0
600,Depósitos en cuentas corrientes de municipios de la provincia de Mendoza,Depósitos por tipo de titular,Saldos a fin de mes,M,En miles de ARS,ML,1999-12-31,2026-06-30,11542.0
601,Depósitos en caja de ahorros de municipios de la provincia de Mendoza,Depósitos por tipo de titular,Saldos a fin de mes,M,En miles de ARS,ML,1999-12-31,2026-06-30,87.0
602,Depósitos a plazo fijo de municipios de la provincia de Mendoza,Depósitos por tipo de titular,Saldos a fin de mes,M,En miles de ARS,ML,1999-12-31,2026-06-30,34487.0
603,Depósitos en cuentas corrientes de municipios de la provincia de Misiones,Depósitos por tipo de titular,Saldos a fin de mes,M,En miles de ARS,ML,1999-12-31,2026-06-30,14639.0
604,Depósitos en caja de ahorros de municipios de la provincia de Misiones,Depósitos por tipo de titular,Saldos a fin de mes,M,En miles de ARS,ML,1999-12-31,2026-06-30,46.0
605,Depósitos a plazo fijo de municipios de la provincia de Misiones,Depósitos por tipo de titular,Saldos a fin de mes,M,En miles de ARS,ML,1999-12-31,2026-06-30,13781.0
606,Depósitos en cuentas corrientes de municipios de la provincia de Neuquén,Depósitos por tipo de titular,Saldos a fin de mes,M,En miles de ARS,ML,1999-12-31,2026-06-30,33767.0
607,Depósitos en caja de ahorros de municipios de la provincia de Neuquén,Depósitos por tipo de titular,Saldos a fin de mes,M,En miles de ARS,ML,1999-12-31,2026-06-30,547.0
608,Depósitos a plazo fijo de municipios de la provincia de Neuquén,Depósitos por tipo de titular,Saldos a fin de mes,M,En miles de ARS,ML,1999-12-31,2026-06-30,114542.0
609,Depósitos en cuentas corrientes de municipios de la provincia de Rio Negro,Depósitos por tipo de titular,Saldos a fin de mes,M,En miles de ARS,ML,1999-12-31,2026-06-30,31632.0
610,Depósitos en caja de ahorros de municipios de la provincia de Rio Negro,Depósitos por tipo de titular,Saldos a fin de mes,M,En miles de ARS,ML,1999-12-31,2026-06-30,1282.0
611,Depósitos a plazo fijo de municipios de la provincia de Rio Negro,Depósitos por tipo de titular,Saldos a fin de mes,M,En miles de ARS,ML,1999-12-31,2026-06-30,43234.0
612,Depósitos en cuentas corrientes de municipios de la provincia de Salta,Depósitos por tipo de titular,Saldos a fin de mes,M,En miles de ARS,ML,1999-12-31,2026-06-30,10230.0
613,Depósitos en caja de ahorros de municipios de la provincia de Salta,Depósitos por tipo de titular,Saldos a fin de mes,M,En miles de ARS,ML,1999-12-31,2026-06-30,30.0
614,Depósitos a plazo fijo de municipios de la provincia de Salta,Depósitos por tipo de titular,Saldos a fin de mes,M,En miles de ARS,ML,1999-12-31,2026-06-30,3184.0
615,Depósitos en cuentas corrientes de municipios de la provincia de San Juan,Depósitos por tipo de titular,Saldos a fin de mes,M,En miles de ARS,ML,1999-12-31,2026-06-30,20124.0
616,Depósitos en caja de ahorros de municipios de la provincia de San Juan,Depósitos por tipo de titular,Saldos a fin de mes,M,En miles de ARS,ML,1999-12-31,2026-06-30,198.0
617,Depósitos a plazo fijo de municipios de la provincia de San Juan,Depósitos por tipo de titular,Saldos a fin de mes,M,En miles de ARS,ML,1999-12-31,2026-06-30,43908.0
618,Depósitos en cuentas corrientes de municipios de la provincia de San Luis,Depósitos por tipo de titular,Saldos a fin de mes,M,En miles de ARS,ML,1999-12-31,2026-06-30,6593.0
619,Depósitos en caja de ahorros de municipios de la provincia de San Luis,Depósitos por tipo de titular,Saldos a fin de mes,M,En miles de ARS,ML,1999-12-31,2026-06-30,121.0
620,Depósitos a plazo fijo de municipios de la provincia de San Luis,Depósitos por tipo de titular,Saldos a fin de mes,M,En miles de ARS,ML,1999-12-31,2026-06-30,4769.0
621,Depósitos en cuentas corrientes de municipios de la provincia de Santa Cruz,Depósitos por tipo de titular,Saldos a fin de mes,M,En miles de ARS,ML,1999-12-31,2026-06-30,21180.0
622,Depósitos en caja de ahorros de municipios de la provincia de Santa Cruz,Depósitos por tipo de titular,Saldos a fin de mes,M,En miles de ARS,ML,1999-12-31,2026-06-30,90.0
623,Depósitos a plazo fijo de municipios de la provincia de Santa Cruz,Depósitos por tipo de titular,Saldos a fin de mes,M,En miles de ARS,ML,1999-12-31,2026-06-30,42575.0
624,Depósitos en cuentas corrientes de municipios de la provincia de Santa Fe,Depósitos por tipo de titular,Saldos a fin de mes,M,En miles de ARS,ML,1999-12-31,2026-06-30,106853.0
625,Depósitos en caja de ahorros de municipios de la provincia de Santa Fe,Depósitos por tipo de titular,Saldos a fin de mes,M,En miles de ARS,ML,1999-12-31,2026-06-30,1355.0
626,Depósitos a plazo fijo de municipios de la provincia de Santa Fe,Depósitos por tipo de titular,Saldos a fin de mes,M,En miles de ARS,ML,1999-12-31,2026-06-30,143444.0
627,Depósitos en cuentas corrientes de municipios de la provincia de Santiago del Estero,Depósitos por tipo de titular,Saldos a fin de mes,M,En miles de ARS,ML,1999-12-31,2026-06-30,21894.0
628,Depósitos en caja de ahorros de municipios de la provincia de Santiago del Estero,Depósitos por tipo de titular,Saldos a fin de mes,M,En miles de ARS,ML,1999-12-31,2026-06-30,558.0
629,Depósitos a plazo fijo de municipios de la provincia de Santiago del Estero,Depósitos por tipo de titular,Saldos a fin de mes,M,En miles de ARS,ML,1999-12-31,2026-06-30,7188.0
630,Depósitos en cuentas corrientes de municipios de la provincia de Tierra del Fuego,Depósitos por tipo de titular,Saldos a fin de mes,M,En miles de ARS,ML,1999-12-31,2026-06-30,9933.0
631,Depósitos en caja de ahorros de municipios de la provincia de Tierra del Fuego,Depósitos por tipo de titular,Saldos a fin de mes,M,En miles de ARS,ML,1999-12-31,2026-06-30,9.0
632,Depósitos a plazo fijo de municipios de la provincia de Tierra del Fuego,Depósitos por tipo de titular,Saldos a fin de mes,M,En miles de ARS,ML,1999-12-31,2026-06-30,1765.0
633,Depósitos en cuentas corrientes de municipios de la provincia de Tucumán,Depósitos por tipo de titular,Saldos a fin de mes,M,En miles de ARS,ML,1999-12-31,2026-06-30,24142.0
634,Depósitos en caja de ahorros de municipios de la provincia de Tucumán,Depósitos por tipo de titular,Saldos a fin de mes,M,En miles de ARS,ML,1999-12-31,2026-06-30,56.0
635,Depósitos a plazo fijo de municipios de la provincia de Tucumán,Depósitos por tipo de titular,Saldos a fin de mes,M,En miles de ARS,ML,1999-12-31,2026-06-30,17972.0
636,Total de préstamos a municipios de la PBA,Préstamos por tipo de titular,Saldos a fin de mes,M,En miles de ARS,ME,1999-12-31,2026-06-30,1.0
637,Total de depósitos de municipios de la provincia de Buenos Aires,Depósitos por tipo de titular,Saldos a fin de mes,M,En miles de ARS,ME,1999-12-31,2026-06-30,7691.0
638,Total de préstamos a municipios de GBA,Préstamos por tipo de titular,Saldos a fin de mes,M,En miles de ARS,ME,1999-12-31,2026-06-30,1.0
639,Total de depósitos de municipios de GBA,Depósitos por tipo de titular,Saldos a fin de mes,M,En miles de ARS,ME,1999-12-31,2026-06-30,3639.0
640,Total de préstamos a municipios de la PBA no incluidos en el GBA,Préstamos por tipo de titular,Saldos a fin de mes,M,En miles de ARS,ME,1999-12-31,2026-06-30,0.0
641,Total de depósitos de municipios de la PBA no incluidos en GBA,Depósitos por tipo de titular,Saldos a fin de mes,M,En miles de ARS,ME,1999-12-31,2026-06-30,4052.0
642,Total de préstamos a municipios de Catamarca,Préstamos por tipo de titular,Saldos a fin de mes,M,En miles de ARS,ME,1999-12-31,2026-06-30,3.0
643,Total de depósitos de municipios de la provincia de Catamarca,Depósitos por tipo de titular,Saldos a fin de mes,M,En miles de ARS,ME,1999-12-31,2026-06-30,0.0
644,Total de préstamos a municipios de la provincia de Córdoba,Préstamos por tipo de titular,Saldos a fin de mes,M,En miles de ARS,ME,1999-12-31,2026-06-30,265.0
645,Total de depósitos de municipios de la provincia de Córdoba,Depósitos por tipo de titular,Saldos a fin de mes,M,En miles de ARS,ME,1999-12-31,2026-06-30,1409.0
646,Total de préstamos a municipios de la provincia de Corrientes,Préstamos por tipo de titular,Saldos a fin de mes,M,En miles de ARS,ME,1999-12-31,2026-06-30,1.0
647,Total de depósitos de municipios de la provincia de Corrientes,Depósitos por tipo de titular,Saldos a fin de mes,M,En miles de ARS,ME,1999-12-31,2026-06-30,6.0
648,Total de préstamos a municipios de la provincia de Chaco,Préstamos por tipo de titular,Saldos a fin de mes,M,En miles de ARS,ME,1999-12-31,2026-06-30,1.0
649,Total de depósitos de municipios de la provincia de Chaco,Depósitos por tipo de titular,Saldos a fin de mes,M,En miles de ARS,ME,1999-12-31,2026-06-30,22.0
650,Total de préstamos a municipios de la provincia de Chubut,Préstamos por tipo de titular,Saldos a fin de mes,M,En miles de ARS,ME,1999-12-31,2026-06-30,15.0
651,Total de depósitos de municipios de la provincia de Chubut,Depósitos por tipo de titular,Saldos a fin de mes,M,En miles de ARS,ME,1999-12-31,2026-06-30,457.0
652,Total de préstamos a municipios de la provincia de Entre Ríos,Préstamos por tipo de titular,Saldos a fin de mes,M,En miles de ARS,ME,1999-12-31,2026-06-30,0.0
653,Total de depósitos de municipios de la provincia de Entre Ríos,Depósitos por tipo de titular,Saldos a fin de mes,M,En miles de ARS,ME,1999-12-31,2026-06-30,17362.0
654,Total de préstamos a municipios de la provincia de Formosa,Préstamos por tipo de titular,Saldos a fin de mes,M,En miles de ARS,ME,1999-12-31,2026-06-30,0.0
655,Total de depósitos de municipios de la provincia de Formosa,Depósitos por tipo de titular,Saldos a fin de mes,M,En miles de ARS,ME,1999-12-31,2026-06-30,0.0
656,Total de préstamos a municipios de la provincia de Jujuy,Préstamos por tipo de titular,Saldos a fin de mes,M,En miles de ARS,ME,1999-12-31,2026-06-30,0.0
657,Total de depósitos de municipios de la provincia de Jujuy,Depósitos por tipo de titular,Saldos a fin de mes,M,En miles de ARS,ME,1999-12-31,2026-06-30,0.0
658,Total de préstamos a municipios de la provincia de La Pampa,Préstamos por tipo de titular,Saldos a fin de mes,M,En miles de ARS,ME,1999-12-31,2026-06-30,0.0
659,Total de depósitos de municipios de la provincia de La Pampa,Depósitos por tipo de titular,Saldos a fin de mes,M,En miles de ARS,ME,1999-12-31,2026-06-30,0.0
660,Total de préstamos a municipios de la provincia de La Rioja,Préstamos por tipo de titular,Saldos a fin de mes,M,En miles de ARS,ME,1999-12-31,2026-06-30,0.0
661,Total de depósitos de municipios de la provincia de La Rioja,Depósitos por tipo de titular,Saldos a fin de mes,M,En miles de ARS,ME,1999-12-31,2026-06-30,0.0
662,Total de préstamos a municipios de la provincia de Mendoza,Préstamos por tipo de titular,Saldos a fin de mes,M,En miles de ARS,ME,1999-12-31,2026-06-30,3.0
663,Total de depósitos de municipios de la provincia de Mendoza,Depósitos por tipo de titular,Saldos a fin de mes,M,En miles de ARS,ME,1999-12-31,2026-06-30,3764.0
664,Total de préstamos a municipios de la provincia de Misiones,Préstamos por tipo de titular,Saldos a fin de mes,M,En miles de ARS,ME,1999-12-31,2026-06-30,0.0
665,Total de depósitos de municipios de la provincia de Misiones,Depósitos por tipo de titular,Saldos a fin de mes,M,En miles de ARS,ME,1999-12-31,2026-06-30,0.0
666,Total de préstamos a municipios de la provincia de Neuquén,Préstamos por tipo de titular,Saldos a fin de mes,M,En miles de ARS,ME,1999-12-31,2026-06-30,1.0
667,Total de depósitos de municipios de la provincia de Neuquén,Depósitos por tipo de titular,Saldos a fin de mes,M,En miles de ARS,ME,1999-12-31,2026-06-30,1100.0
668,Total de préstamos a municipios de la provincia de Rio Negro,Préstamos por tipo de titular,Saldos a fin de mes,M,En miles de ARS,ME,1999-12-31,2026-06-30,0.0
669,Total de depósitos de municipios de la provincia de Rio Negro,Depósitos por tipo de titular,Saldos a fin de mes,M,En miles de ARS,ME,1999-12-31,2026-06-30,2586.0
670,Total de préstamos a municipios de la provincia de Salta,Préstamos por tipo de titular,Saldos a fin de mes,M,En miles de ARS,ME,1999-12-31,2026-06-30,0.0
671,Total de depósitos de municipios de la provincia de Salta,Depósitos por tipo de titular,Saldos a fin de mes,M,En miles de ARS,ME,1999-12-31,2026-06-30,7454.0
672,Total de préstamos a municipios de la provincia de San Juan,Préstamos por tipo de titular,Saldos a fin de mes,M,En miles de ARS,ME,1999-12-31,2026-06-30,0.0
673,Total de depósitos de municipios de la provincia de San Juan,Depósitos por tipo de titular,Saldos a fin de mes,M,En miles de ARS,ME,1999-12-31,2026-06-30,0.0
674,Total de préstamos a municipios de la provincia de San Luis,Préstamos por tipo de titular,Saldos a fin de mes,M,En miles de ARS,ME,1999-12-31,2026-06-30,15.0
675,Total de depósitos de municipios de la provincia de San Luis,Depósitos por tipo de titular,Saldos a fin de mes,M,En miles de ARS,ME,1999-12-31,2026-06-30,104.0
676,Total de préstamos a municipios de la provincia de Santa Cruz,Préstamos por tipo de titular,Saldos a fin de mes,M,En miles de ARS,ME,1999-12-31,2026-06-30,0.0
677,Total de depósitos de municipios de la provincia de Santa Cruz,Depósitos por tipo de titular,Saldos a fin de mes,M,En miles de ARS,ME,1999-12-31,2026-06-30,1523.0
678,Total de préstamos a municipios de la provincia de Santa Fe,Préstamos por tipo de titular,Saldos a fin de mes,M,En miles de ARS,ME,1999-12-31,2026-06-30,22.0
679,Total de depósitos de municipios de la provincia de Santa Fe,Depósitos por tipo de titular,Saldos a fin de mes,M,En miles de ARS,ME,1999-12-31,2026-06-30,5376.0
680,Total de préstamos a municipios de la provincia de Santiago del Estero,Préstamos por tipo de titular,Saldos a fin de mes,M,En miles de ARS,ME,1999-12-31,2026-06-30,0.0
681,Total de depósitos de municipios de la provincia de Santiago del Estero,Depósitos por tipo de titular,Saldos a fin de mes,M,En miles de ARS,ME,1999-12-31,2026-06-30,0.0
682,Total de préstamos a municipios de la provincia de Tierra del Fuego,Préstamos por tipo de titular,Saldos a fin de mes,M,En miles de ARS,ME,1999-12-31,2026-06-30,0.0
683,Total de depósitos de municipios de la provincia de Tierra del Fuego,Depósitos por tipo de titular,Saldos a fin de mes,M,En miles de ARS,ME,1999-12-31,2026-06-30,0.0
684,Total de préstamos a municipios de la provincia de Tucumán,Préstamos por tipo de titular,Saldos a fin de mes,M,En miles de ARS,ME,1999-12-31,2026-06-30,0.0
685,Total de depósitos de municipios de la provincia de Tucumán,Depósitos por tipo de titular,Saldos a fin de mes,M,En miles de ARS,ME,1999-12-31,2026-06-30,58.0
686,Total de préstamos a empresas provinciales a la Ciudad Autónoma de Buenos Aires,Préstamos por tipo de titular,Saldos a fin de mes,M,En miles de ARS,ME,1999-12-31,2026-06-30,0.0
687,Total de depósitos de empresas provinciales de la Ciudad Autónoma de Buenos Aires,Depósitos por tipo de titular,Saldos a fin de mes,M,En miles de ARS,ME,1999-12-31,2026-06-30,74167.0
688,Total de préstamos a empresas provinciales de la PBA,Préstamos por tipo de titular,Saldos a fin de mes,M,En miles de ARS,ME,1999-12-31,2026-06-30,0.0
689,Total de depósitos de empresas provinciales de la PBA,Depósitos por tipo de titular,Saldos a fin de mes,M,En miles de ARS,ME,1999-12-31,2026-06-30,12818.0
690,Total de préstamos a empresas provinciales de la provincia de Catamarca,Préstamos por tipo de titular,Saldos a fin de mes,M,En miles de ARS,ME,1999-12-31,2026-06-30,0.0
691,Total de depósitos de empresas provinciales de la provincia de Catamarca,Depósitos por tipo de titular,Saldos a fin de mes,M,En miles de ARS,ME,1999-12-31,2026-06-30,42.0
692,Total de préstamos a empresas provinciales de la provincia de Córdoba,Préstamos por tipo de titular,Saldos a fin de mes,M,En miles de ARS,ME,1999-12-31,2026-06-30,16.0
693,Total de depósitos de empresas provinciales de la provincia de Córdoba,Depósitos por tipo de titular,Saldos a fin de mes,M,En miles de ARS,ME,1999-12-31,2026-06-30,7869.0
694,Total de préstamos a empresas provinciales de la provincia de Corrientes,Préstamos por tipo de titular,Saldos a fin de mes,M,En miles de ARS,ME,1999-12-31,2026-06-30,0.0
695,Total de depósitos de empresas provinciales de la provincia de Corrientes,Depósitos por tipo de titular,Saldos a fin de mes,M,En miles de ARS,ME,1999-12-31,2026-06-30,0.0
696,Total de préstamos a empresas provinciales de la provincia de Chaco,Préstamos por tipo de titular,Saldos a fin de mes,M,En miles de ARS,ME,1999-12-31,2026-06-30,0.0
697,Total de depósitos de empresas provinciales de la provincia de Chaco,Depósitos por tipo de titular,Saldos a fin de mes,M,En miles de ARS,ME,1999-12-31,2026-06-30,0.0
698,Total de préstamos a empresas provinciales de la provincia de Chubut,Préstamos por tipo de titular,Saldos a fin de mes,M,En miles de ARS,ME,1999-12-31,2026-06-30,0.0
699,Total de depósitos de empresas provinciales de la provincia de Chubut,Depósitos por tipo de titular,Saldos a fin de mes,M,En miles de ARS,ME,1999-12-31,2026-06-30,0.0
700,Total de préstamos a empresas provinciales de la provincia de Entre Ríos,Préstamos por tipo de titular,Saldos a fin de mes,M,En miles de ARS,ME,1999-12-31,2026-06-30,3.0
701,Total de depósitos de empresas provinciales de la provincia de Entre Ríos,Depósitos por tipo de titular,Saldos a fin de mes,M,En miles de ARS,ME,1999-12-31,2026-06-30,79.0
702,Total de préstamos a empresas provinciales de la provincia de Formosa,Préstamos por tipo de titular,Saldos a fin de mes,M,En miles de ARS,ME,1999-12-31,2026-06-30,0.0
703,Total de depósitos de empresas provinciales de la provincia de Formosa,Depósitos por tipo de titular,Saldos a fin de mes,M,En miles de ARS,ME,1999-12-31,2026-06-30,0.0
704,Total de préstamos a empresas provinciales de la provincia de Jujuy,Préstamos por tipo de titular,Saldos a fin de mes,M,En miles de ARS,ME,1999-12-31,2026-06-30,0.0
705,Total de depósitos de empresas provinciales de la provincia de Jujuy,Depósitos por tipo de titular,Saldos a fin de mes,M,En miles de ARS,ME,1999-12-31,2026-06-30,1.0
706,Total de préstamos a empresas provinciales de la provincia de La Pampa,Préstamos por tipo de titular,Saldos a fin de mes,M,En miles de ARS,ME,1999-12-31,2026-06-30,0.0
707,Total de depósitos de empresas provinciales de la provincia de La Pampa,Depósitos por tipo de titular,Saldos a fin de mes,M,En miles de ARS,ME,1999-12-31,2026-06-30,6466.0
708,Total de préstamos a empresas provinciales de la provincia de La Rioja,Préstamos por tipo de titular,Saldos a fin de mes,M,En miles de ARS,ME,1999-12-31,2026-06-30,18.0
709,Total de depósitos de empresas provinciales de la provincia de La Rioja,Depósitos por tipo de titular,Saldos a fin de mes,M,En miles de ARS,ME,1999-12-31,2026-06-30,6.0
710,Total de préstamos a empresas provinciales de la provincia de Mendoza,Préstamos por tipo de titular,Saldos a fin de mes,M,En miles de ARS,ME,1999-12-31,2026-06-30,3.0
711,Total de depósitos de empresas provinciales de la provincia de Mendoza,Depósitos por tipo de titular,Saldos a fin de mes,M,En miles de ARS,ME,1999-12-31,2026-06-30,121529.0
712,Total de préstamos a empresas provinciales de la provincia de Misiones,Préstamos por tipo de titular,Saldos a fin de mes,M,En miles de ARS,ME,1999-12-31,2026-06-30,0.0
713,Total de depósitos de empresas provinciales de la provincia de Misiones,Depósitos por tipo de titular,Saldos a fin de mes,M,En miles de ARS,ME,1999-12-31,2026-06-30,2895.0
714,Total de préstamos a empresas provinciales de la provincia de Neuquén,Préstamos por tipo de titular,Saldos a fin de mes,M,En miles de ARS,ME,1999-12-31,2026-06-30,7.0
715,Total de depósitos de empresas provinciales de la provincia de Neuquén,Depósitos por tipo de titular,Saldos a fin de mes,M,En miles de ARS,ME,1999-12-31,2026-06-30,70.0
716,Total de préstamos a empresas provinciales de la provincia de Rio Negro,Préstamos por tipo de titular,Saldos a fin de mes,M,En miles de ARS,ME,1999-12-31,2026-06-30,0.0
717,Total de depósitos de empresas provinciales de la provincia de Rio Negro,Depósitos por tipo de titular,Saldos a fin de mes,M,En miles de ARS,ME,1999-12-31,2026-06-30,174.0
718,Total de préstamos a empresas provinciales de la provincia de Salta,Préstamos por tipo de titular,Saldos a fin de mes,M,En miles de ARS,ME,1999-12-31,2026-06-30,0.0
719,Total de depósitos de empresas provinciales de la provincia de Salta,Depósitos por tipo de titular,Saldos a fin de mes,M,En miles de ARS,ME,1999-12-31,2026-06-30,0.0
720,Total de préstamos a empresas provinciales de la provincia de San Juan,Préstamos por tipo de titular,Saldos a fin de mes,M,En miles de ARS,ME,1999-12-31,2026-06-30,1.0
721,Total de depósitos de empresas provinciales de la provincia de San Juan,Depósitos por tipo de titular,Saldos a fin de mes,M,En miles de ARS,ME,1999-12-31,2026-06-30,22.0
722,Total de préstamos a empresas provinciales de la provincia de San Luis,Préstamos por tipo de titular,Saldos a fin de mes,M,En miles de ARS,ME,1999-12-31,2026-06-30,0.0
723,Total de depósitos de empresas provinciales de la provincia de San Luis,Depósitos por tipo de titular,Saldos a fin de mes,M,En miles de ARS,ME,1999-12-31,2026-06-30,0.0
724,Total de préstamos a empresas provinciales de la provincia de Santa Cruz,Préstamos por tipo de titular,Saldos a fin de mes,M,En miles de ARS,ME,1999-12-31,2026-06-30,0.0
725,Total de depósitos de empresas provinciales de la provincia de Santa Cruz,Depósitos por tipo de titular,Saldos a fin de mes,M,En miles de ARS,ME,1999-12-31,2026-06-30,1895.0
726,Total de préstamos a empresas provinciales de la provincia de Santa Fe,Préstamos por tipo de titular,Saldos a fin de mes,M,En miles de ARS,ME,1999-12-31,2026-06-30,21.0
727,Total de depósitos de empresas provinciales de la provincia de Santa Fe,Depósitos por tipo de titular,Saldos a fin de mes,M,En miles de ARS,ME,1999-12-31,2026-06-30,839.0
728,Total de préstamos a empresas provinciales de la provincia de Santiago del Estero,Préstamos por tipo de titular,Saldos a fin de mes,M,En miles de ARS,ME,1999-12-31,2026-06-30,0.0
729,Total de depósitos de empresas provinciales de la provincia de Santiago del Estero,Depósitos por tipo de titular,Saldos a fin de mes,M,En miles de ARS,ME,1999-12-31,2026-06-30,0.0
730,Total de préstamos a empresas provinciales de la provincia de Tierra del Fuego,Préstamos por tipo de titular,Saldos a fin de mes,M,En miles de ARS,ME,1999-12-31,2026-06-30,1.0
731,Total de depósitos de empresas provinciales de la provincia de Tierra del Fuego,Depósitos por tipo de titular,Saldos a fin de mes,M,En miles de ARS,ME,1999-12-31,2026-06-30,0.0
732,Total de préstamos a empresas provinciales de la provincia de Tucumán,Préstamos por tipo de titular,Saldos a fin de mes,M,En miles de ARS,ME,1999-12-31,2026-06-30,0.0
733,Total de depósitos de empresas provinciales de la provincia de Tucumán,Depósitos por tipo de titular,Saldos a fin de mes,M,En miles de ARS,ME,1999-12-31,2026-06-30,30.0
734,Total de préstamos a empresas provinciales a la Ciudad Autónoma de Buenos Aires,Préstamos por tipo de titular,Saldos a fin de mes,M,En miles de ARS,ML,1999-12-31,2026-06-30,4731.0
735,Total de depósitos de empresas provinciales de la Ciudad Autónoma de Buenos Aires,Depósitos por tipo de titular,Saldos a fin de mes,M,En miles de ARS,ML,1999-12-31,2026-06-30,244181.0
736,Total de préstamos a empresas provinciales de la PBA,Préstamos por tipo de titular,Saldos a fin de mes,M,En miles de ARS,ML,1999-12-31,2026-06-30,13.0
737,Total de depósitos de empresas provinciales de PBA,Depósitos por tipo de titular,Saldos a fin de mes,M,En miles de ARS,ML,1999-12-31,2026-06-30,87351.0
738,Total de préstamos a empresas provinciales de la provincia de Catamarca,Préstamos por tipo de titular,Saldos a fin de mes,M,En miles de ARS,ML,1999-12-31,2026-06-30,1.0
739,Total de depósitos de empresas provinciales de la provincia de Catamarca,Depósitos por tipo de titular,Saldos a fin de mes,M,En miles de ARS,ML,1999-12-31,2026-06-30,4187.0
740,Total de préstamos a empresas provinciales de la provincia de Córdoba,Préstamos por tipo de titular,Saldos a fin de mes,M,En miles de ARS,ML,1999-12-31,2026-06-30,32144.0
741,Total de depósitos de empresas provinciales de la provincia de Córdoba,Depósitos por tipo de titular,Saldos a fin de mes,M,En miles de ARS,ML,1999-12-31,2026-06-30,173038.0
742,Total de préstamos a empresas provinciales de la provincia de Corrientes,Préstamos por tipo de titular,Saldos a fin de mes,M,En miles de ARS,ML,1999-12-31,2026-06-30,1.0
743,Total de depósitos de empresas provinciales de la provincia de Corrientes,Depósitos por tipo de titular,Saldos a fin de mes,M,En miles de ARS,ML,1999-12-31,2026-06-30,11304.0
744,Total de préstamos a empresas provinciales de la provincia de Chaco,Préstamos por tipo de titular,Saldos a fin de mes,M,En miles de ARS,ML,1999-12-31,2026-06-30,0.0
745,Total de depósitos de empresas provinciales de la provincia de Chaco,Depósitos por tipo de titular,Saldos a fin de mes,M,En miles de ARS,ML,1999-12-31,2026-06-30,13727.0
746,Total de préstamos a empresas provinciales de la provincia de Chubut,Préstamos por tipo de titular,Saldos a fin de mes,M,En miles de ARS,ML,1999-12-31,2026-06-30,0.0
747,Total de depósitos de empresas provinciales de la provincia de Chubut,Depósitos por tipo de titular,Saldos a fin de mes,M,En miles de ARS,ML,1999-12-31,2026-06-30,1901.0
748,Total de préstamos a empresas provinciales de la provincia de Entre Ríos,Préstamos por tipo de titular,Saldos a fin de mes,M,En miles de ARS,ML,1999-12-31,2026-06-30,5.0
749,Total de depósitos de empresas provinciales de la provincia de Entre Ríos,Depósitos por tipo de titular,Saldos a fin de mes,M,En miles de ARS,ML,1999-12-31,2026-06-30,5817.0
750,Total de préstamos a empresas provinciales de la provincia de Formosa,Préstamos por tipo de titular,Saldos a fin de mes,M,En miles de ARS,ML,1999-12-31,2026-06-30,0.0
751,Total de depósitos de empresas provinciales de la provincia de Formosa,Depósitos por tipo de titular,Saldos a fin de mes,M,En miles de ARS,ML,1999-12-31,2026-06-30,2854.0
752,Total de préstamos a empresas provinciales de la provincia de Jujuy,Préstamos por tipo de titular,Saldos a fin de mes,M,En miles de ARS,ML,1999-12-31,2026-06-30,2.0
753,Total de depósitos de empresas provinciales de la provincia de Jujuy,Depósitos por tipo de titular,Saldos a fin de mes,M,En miles de ARS,ML,1999-12-31,2026-06-30,8756.0
754,Total de préstamos a empresas provinciales de la provincia de La Pampa,Préstamos por tipo de titular,Saldos a fin de mes,M,En miles de ARS,ML,1999-12-31,2026-06-30,0.0
755,Total de depósitos de empresas provinciales de la provincia de La Pampa,Depósitos por tipo de titular,Saldos a fin de mes,M,En miles de ARS,ML,1999-12-31,2026-06-30,49107.0
756,Total de préstamos a empresas provinciales de la provincia de La Rioja,Préstamos por tipo de titular,Saldos a fin de mes,M,En miles de ARS,ML,1999-12-31,2026-06-30,29.0
757,Total de depósitos de empresas provinciales de la provincia de La Rioja,Depósitos por tipo de titular,Saldos a fin de mes,M,En miles de ARS,ML,1999-12-31,2026-06-30,602.0
758,Total de préstamos a empresas provinciales de la provincia de Mendoza,Préstamos por tipo de titular,Saldos a fin de mes,M,En miles de ARS,ML,1999-12-31,2026-06-30,0.0
759,Total de depósitos de empresas provinciales de la provincia de Mendoza,Depósitos por tipo de titular,Saldos a fin de mes,M,En miles de ARS,ML,1999-12-31,2026-06-30,3182.0
760,Total de préstamos a empresas provinciales de la provincia de Misiones,Préstamos por tipo de titular,Saldos a fin de mes,M,En miles de ARS,ML,1999-12-31,2026-06-30,546.0
761,Total de depósitos de empresas provinciales de la provincia de Misiones,Depósitos por tipo de titular,Saldos a fin de mes,M,En miles de ARS,ML,1999-12-31,2026-06-30,14804.0
762,Total de préstamos a empresas provinciales de la provincia de Neuquén,Préstamos por tipo de titular,Saldos a fin de mes,M,En miles de ARS,ML,1999-12-31,2026-06-30,27.0
763,Total de depósitos de empresas provinciales de la provincia de Neuquén,Depósitos por tipo de titular,Saldos a fin de mes,M,En miles de ARS,ML,1999-12-31,2026-06-30,48111.0
764,Total de préstamos a empresas provinciales de la provincia de Rio Negro,Préstamos por tipo de titular,Saldos a fin de mes,M,En miles de ARS,ML,1999-12-31,2026-06-30,5.0
765,Total de depósitos de empresas provinciales de la provincia de Rio Negro,Depósitos por tipo de titular,Saldos a fin de mes,M,En miles de ARS,ML,1999-12-31,2026-06-30,962.0
766,Total de préstamos a empresas provinciales de la provincia de Salta,Préstamos por tipo de titular,Saldos a fin de mes,M,En miles de ARS,ML,1999-12-31,2026-06-30,4.0
767,Total de depósitos de empresas provinciales de la provincia de Salta,Depósitos por tipo de titular,Saldos a fin de mes,M,En miles de ARS,ML,1999-12-31,2026-06-30,1682.0
768,Total de préstamos a empresas provinciales de la provincia de San Juan,Préstamos por tipo de titular,Saldos a fin de mes,M,En miles de ARS,ML,1999-12-31,2026-06-30,11.0
769,Total de depósitos de empresas provinciales de la provincia de San Juan,Depósitos por tipo de titular,Saldos a fin de mes,M,En miles de ARS,ML,1999-12-31,2026-06-30,41516.0
770,Total de préstamos a empresas provinciales de la provincia de San Luis,Préstamos por tipo de titular,Saldos a fin de mes,M,En miles de ARS,ML,1999-12-31,2026-06-30,0.0
771,Total de depósitos de empresas provinciales de la provincia de San Luis,Depósitos por tipo de titular,Saldos a fin de mes,M,En miles de ARS,ML,1999-12-31,2026-06-30,5372.0
772,Total de préstamos a empresas provinciales de la provincia de Santa Cruz,Préstamos por tipo de titular,Saldos a fin de mes,M,En miles de ARS,ML,1999-12-31,2026-06-30,0.0
773,Total de depósitos de empresas provinciales de la provincia de Santa Cruz,Depósitos por tipo de titular,Saldos a fin de mes,M,En miles de ARS,ML,1999-12-31,2026-06-30,38152.0
774,Total de préstamos a empresas provinciales de la provincia de Santa Fe,Préstamos por tipo de titular,Saldos a fin de mes,M,En miles de ARS,ML,1999-12-31,2026-06-30,8.0
775,Total de depósitos de empresas provinciales de la provincia de Santa Fe,Depósitos por tipo de titular,Saldos a fin de mes,M,En miles de ARS,ML,1999-12-31,2026-06-30,85706.0
776,Total de préstamos a empresas provinciales de la provincia de Santiago del Estero,Préstamos por tipo de titular,Saldos a fin de mes,M,En miles de ARS,ML,1999-12-31,2026-06-30,0.0
777,Total de depósitos de empresas provinciales de la provincia de Santiago del Estero,Depósitos por tipo de titular,Saldos a fin de mes,M,En miles de ARS,ML,1999-12-31,2026-06-30,830.0
778,Total de préstamos a empresas provinciales de la provincia de Tierra del Fuego,Préstamos por tipo de titular,Saldos a fin de mes,M,En miles de ARS,ML,1999-12-31,2026-06-30,2130.0
779,Total de depósitos de empresas provinciales de la provincia de Tierra del Fuego,Depósitos por tipo de titular,Saldos a fin de mes,M,En miles de ARS,ML,1999-12-31,2026-06-30,8251.0
780,Total de préstamos a empresas provinciales de la provincia de Tucumán,Préstamos por tipo de titular,Saldos a fin de mes,M,En miles de ARS,ML,1999-12-31,2026-06-30,46.0
781,Total de depósitos de empresas provinciales de la provincia de Tucumán,Depósitos por tipo de titular,Saldos a fin de mes,M,En miles de ARS,ML,1999-12-31,2026-06-30,67810.0
782,Total de préstamos a empresas municipales de la PBA,Préstamos por tipo de titular,Saldos a fin de mes,M,En miles de ARS,ML,1999-12-31,2026-06-30,3.0
783,Total de depósitos de empresas municipales de la PBA,Depósitos por tipo de titular,Saldos a fin de mes,M,En miles de ARS,ML,1999-12-31,2026-06-30,24594.0
784,Total de préstamos a empresas municipales de GBA,Préstamos por tipo de titular,Saldos a fin de mes,M,En miles de ARS,ML,1999-12-31,2026-06-30,1.0
785,Total de depósitos de empresas municipales de GBA,Depósitos por tipo de titular,Saldos a fin de mes,M,En miles de ARS,ML,1999-12-31,2026-06-30,650.0
786,Total de préstamos a empresas municipales de municipios de la PBA no incluidos en el GBA,Préstamos por tipo de titular,Saldos a fin de mes,M,En miles de ARS,ML,1999-12-31,2026-06-30,2.0
787,Total de depósitos de empresas municipales de municipios de la PBA no incluidos en el GBA,Depósitos por tipo de titular,Saldos a fin de mes,M,En miles de ARS,ML,1999-12-31,2026-06-30,23944.0
788,Total de préstamos a empresas municipales de la provincia de Catamarca,Préstamos por tipo de titular,Saldos a fin de mes,M,En miles de ARS,ML,1999-12-31,2026-06-30,0.0
789,Total de depósitos de empresas municipales de la provincia de Catamarca,Depósitos por tipo de titular,Saldos a fin de mes,M,En miles de ARS,ML,1999-12-31,2026-06-30,394.0
790,Total de préstamos a empresas municipales de la provincia de Córdoba,Préstamos por tipo de titular,Saldos a fin de mes,M,En miles de ARS,ML,1999-12-31,2026-06-30,39.0
791,Total de depósitos de empresas municipales de la provincia de Córdoba,Depósitos por tipo de titular,Saldos a fin de mes,M,En miles de ARS,ML,1999-12-31,2026-06-30,2654.0
792,Total de préstamos a empresas municipales de la provincia de Corrientes,Préstamos por tipo de titular,Saldos a fin de mes,M,En miles de ARS,ML,1999-12-31,2026-06-30,0.0
793,Total de depósitos de empresas municipales de la provincia de Corrientes,Depósitos por tipo de titular,Saldos a fin de mes,M,En miles de ARS,ML,1999-12-31,2026-06-30,633.0
794,Total de préstamos a empresas municipales de la provincia de Chaco,Préstamos por tipo de titular,Saldos a fin de mes,M,En miles de ARS,ML,1999-12-31,2026-06-30,0.0
795,Total de depósitos de empresas municipales de la provincia de Chaco,Depósitos por tipo de titular,Saldos a fin de mes,M,En miles de ARS,ML,1999-12-31,2026-06-30,5.0
796,Total de préstamos a empresas municipales de la provincia de Chubut,Préstamos por tipo de titular,Saldos a fin de mes,M,En miles de ARS,ML,1999-12-31,2026-06-30,0.0
797,Total de depósitos de empresas municipales de la provincia de Chubut,Depósitos por tipo de titular,Saldos a fin de mes,M,En miles de ARS,ML,1999-12-31,2026-06-30,223.0
798,Total de préstamos a empresas municipales de la provincia de Entre Ríos,Préstamos por tipo de titular,Saldos a fin de mes,M,En miles de ARS,ML,1999-12-31,2026-06-30,0.0
799,Total de depósitos de empresas municipales de la provincia de Entre Ríos,Depósitos por tipo de titular,Saldos a fin de mes,M,En miles de ARS,ML,1999-12-31,2026-06-30,3212.0
800,Total de préstamos a empresas municipales de la provincia de Formosa,Préstamos por tipo de titular,Saldos a fin de mes,M,En miles de ARS,ML,1999-12-31,2026-06-30,0.0
801,Total de depósitos de empresas municipales de la provincia de Formosa,Depósitos por tipo de titular,Saldos a fin de mes,M,En miles de ARS,ML,1999-12-31,2026-06-30,6621.0
802,Total de préstamos a empresas municipales de la provincia de Jujuy,Préstamos por tipo de titular,Saldos a fin de mes,M,En miles de ARS,ML,1999-12-31,2026-06-30,0.0
803,Total de depósitos de empresas municipales de la provincia de Jujuy,Depósitos por tipo de titular,Saldos a fin de mes,M,En miles de ARS,ML,1999-12-31,2026-06-30,31.0
804,Total de préstamos a empresas municipales de la provincia de La Pampa,Préstamos por tipo de titular,Saldos a fin de mes,M,En miles de ARS,ML,1999-12-31,2026-06-30,0.0
805,Total de depósitos de empresas municipales de la provincia de La Pampa,Depósitos por tipo de titular,Saldos a fin de mes,M,En miles de ARS,ML,1999-12-31,2026-06-30,2356.0
806,Total de préstamos a empresas municipales de la provincia de La Rioja,Préstamos por tipo de titular,Saldos a fin de mes,M,En miles de ARS,ML,1999-12-31,2026-06-30,0.0
807,Total de depósitos de empresas municipales de la provincia de La Rioja,Depósitos por tipo de titular,Saldos a fin de mes,M,En miles de ARS,ML,1999-12-31,2026-06-30,8.0
808,Total de préstamos a empresas municipales de la provincia de Mendoza,Préstamos por tipo de titular,Saldos a fin de mes,M,En miles de ARS,ML,1999-12-31,2026-06-30,0.0
809,Total de depósitos de empresas municipales de la provincia de Mendoza,Depósitos por tipo de titular,Saldos a fin de mes,M,En miles de ARS,ML,1999-12-31,2026-06-30,15.0
810,Total de préstamos a empresas municipales de la provincia de Misiones,Préstamos por tipo de titular,Saldos a fin de mes,M,En miles de ARS,ML,1999-12-31,2026-06-30,0.0
811,Total de depósitos de empresas municipales de la provincia de Misiones,Depósitos por tipo de titular,Saldos a fin de mes,M,En miles de ARS,ML,1999-12-31,2026-06-30,10.0
812,Total de préstamos a empresas municipales de la provincia de Neuquén,Préstamos por tipo de titular,Saldos a fin de mes,M,En miles de ARS,ML,1999-12-31,2026-06-30,0.0
813,Total de depósitos de empresas municipales de la provincia de Neuquén,Depósitos por tipo de titular,Saldos a fin de mes,M,En miles de ARS,ML,1999-12-31,2026-06-30,12590.0
814,Total de préstamos a empresas municipales de la provincia de Rio Negro,Préstamos por tipo de titular,Saldos a fin de mes,M,En miles de ARS,ML,1999-12-31,2026-06-30,8.0
815,Total de depósitos de empresas municipales de la provincia de Rio Negro,Depósitos por tipo de titular,Saldos a fin de mes,M,En miles de ARS,ML,1999-12-31,2026-06-30,325.0
816,Total de préstamos a empresas municipales de la provincia de Salta,Préstamos por tipo de titular,Saldos a fin de mes,M,En miles de ARS,ML,1999-12-31,2026-06-30,0.0
817,Total de depósitos de empresas municipales de la provincia de Salta,Depósitos por tipo de titular,Saldos a fin de mes,M,En miles de ARS,ML,1999-12-31,2026-06-30,1240.0
818,Total de préstamos a empresas municipales de la provincia de San Juan,Préstamos por tipo de titular,Saldos a fin de mes,M,En miles de ARS,ML,1999-12-31,2026-06-30,0.0
819,Total de depósitos de empresas municipales de la provincia de San Juan,Depósitos por tipo de titular,Saldos a fin de mes,M,En miles de ARS,ML,1999-12-31,2026-06-30,0.0
820,Total de préstamos a empresas municipales de la provincia de San Luis,Préstamos por tipo de titular,Saldos a fin de mes,M,En miles de ARS,ML,1999-12-31,2026-06-30,0.0
821,Total de depósitos de empresas municipales de la provincia de San Luis,Depósitos por tipo de titular,Saldos a fin de mes,M,En miles de ARS,ML,1999-12-31,2026-06-30,17.0
822,Total de préstamos a empresas municipales de la provincia de Santa Cruz,Préstamos por tipo de titular,Saldos a fin de mes,M,En miles de ARS,ML,1999-12-31,2026-06-30,0.0
823,Total de depósitos de empresas municipales de la provincia de Santa Cruz,Depósitos por tipo de titular,Saldos a fin de mes,M,En miles de ARS,ML,1999-12-31,2026-06-30,18.0
824,Total de préstamos a empresas municipales de la provincia de Santa Fe,Préstamos por tipo de titular,Saldos a fin de mes,M,En miles de ARS,ML,1999-12-31,2026-06-30,2.0
825,Total de depósitos de empresas municipales de la provincia de Santa Fe,Depósitos por tipo de titular,Saldos a fin de mes,M,En miles de ARS,ML,1999-12-31,2026-06-30,6042.0
826,Total de préstamos a empresas municipales de la provincia de Santiago del Estero,Préstamos por tipo de titular,Saldos a fin de mes,M,En miles de ARS,ML,1999-12-31,2026-06-30,0.0
827,Total de depósitos de empresas municipales de la provincia de Santiago del Estero,Depósitos por tipo de titular,Saldos a fin de mes,M,En miles de ARS,ML,1999-12-31,2026-06-30,10.0
828,Total de préstamos a empresas municipales de la provincia de Tierra del Fuego,Préstamos por tipo de titular,Saldos a fin de mes,M,En miles de ARS,ML,1999-12-31,2026-06-30,6.0
829,Total de depósitos de empresas municipales de la provincia de Tierra del Fuego,Depósitos por tipo de titular,Saldos a fin de mes,M,En miles de ARS,ML,1999-12-31,2026-06-30,16.0
830,Total de préstamos a empresas municipales de la provincia de Tucumán,Préstamos por tipo de titular,Saldos a fin de mes,M,En miles de ARS,ML,1999-12-31,2026-06-30,0.0
831,Total de depósitos de empresas municipales de la provincia de Tucumán,Depósitos por tipo de titular,Saldos a fin de mes,M,En miles de ARS,ML,1999-12-31,2026-06-30,562.0
832,Total de préstamos a empresas municipales de la PBA,Préstamos por tipo de titular,Saldos a fin de mes,M,En miles de ARS,ME,1999-12-31,2026-06-30,0.0
833,Total de depósitos de empresas municipales de la PBA,Depósitos por tipo de titular,Saldos a fin de mes,M,En miles de ARS,ME,1999-12-31,2026-06-30,308.0
834,Total de préstamos a empresas municipales de municipios GBA,Préstamos por tipo de titular,Saldos a fin de mes,M,En miles de ARS,ME,1999-12-31,2026-06-30,0.0
835,Total de depósitos de empresas municipales de municipios GBA,Depósitos por tipo de titular,Saldos a fin de mes,M,En miles de ARS,ME,1999-12-31,2026-06-30,131.0
836,Total de préstamos a empresas municipales de municipios de la PBA no incluidos en el GBA,Préstamos por tipo de titular,Saldos a fin de mes,M,En miles de ARS,ME,1999-12-31,2026-06-30,0.0
837,Total de depósitos de empresas municipales de municipios de la PBA no incluidos en el GBA,Depósitos por tipo de titular,Saldos a fin de mes,M,En miles de ARS,ME,1999-12-31,2026-06-30,178.0
838,Total de préstamos a empresas municipales de la provincia de Catamarca,Préstamos por tipo de titular,Saldos a fin de mes,M,En miles de ARS,ME,1999-12-31,2026-06-30,0.0
839,Total de depósitos de empresas municipales de la provincia de Catamarca,Depósitos por tipo de titular,Saldos a fin de mes,M,En miles de ARS,ME,1999-12-31,2026-06-30,0.0
840,Total de préstamos a empresas municipales de la provincia de Córdoba,Préstamos por tipo de titular,Saldos a fin de mes,M,En miles de ARS,ME,1999-12-31,2026-06-30,0.0
841,Total de depósitos de empresas municipales de la provincia de Córdoba,Depósitos por tipo de titular,Saldos a fin de mes,M,En miles de ARS,ME,1999-12-31,2026-06-30,4.0
842,Total de préstamos a empresas municipales de la provincia de Corrientes,Préstamos por tipo de titular,Saldos a fin de mes,M,En miles de ARS,ME,1999-12-31,2026-06-30,0.0
843,Total de depósitos de empresas municipales de la provincia de Corrientes,Depósitos por tipo de titular,Saldos a fin de mes,M,En miles de ARS,ME,1999-12-31,2026-06-30,0.0
844,Total de préstamos a empresas municipales de la provincia de Chaco,Préstamos por tipo de titular,Saldos a fin de mes,M,En miles de ARS,ME,1999-12-31,2026-06-30,0.0
845,Total de depósitos de empresas municipales de la provincia de Chaco,Depósitos por tipo de titular,Saldos a fin de mes,M,En miles de ARS,ME,1999-12-31,2026-06-30,0.0
846,Total de préstamos a empresas municipales de la provincia de Chubut,Préstamos por tipo de titular,Saldos a fin de mes,M,En miles de ARS,ME,1999-12-31,2026-06-30,0.0
847,Total de depósitos de empresas municipales de la provincia de Chubut,Depósitos por tipo de titular,Saldos a fin de mes,M,En miles de ARS,ME,1999-12-31,2026-06-30,0.0
848,Total de préstamos a empresas municipales de la provincia de Entre Ríos,Préstamos por tipo de titular,Saldos a fin de mes,M,En miles de ARS,ME,1999-12-31,2026-06-30,0.0
849,Total de depósitos de empresas municipales de la provincia de Entre Ríos,Depósitos por tipo de titular,Saldos a fin de mes,M,En miles de ARS,ME,1999-12-31,2026-06-30,0.0
850,Total de préstamos a empresas municipales de la provincia de Formosa,Préstamos por tipo de titular,Saldos a fin de mes,M,En miles de ARS,ME,1999-12-31,2026-06-30,0.0
851,Total de depósitos de empresas municipales de la provincia de Formosa,Depósitos por tipo de titular,Saldos a fin de mes,M,En miles de ARS,ME,1999-12-31,2026-06-30,0.0
852,Total de préstamos a empresas municipales a la provincia de Jujuy,Préstamos por tipo de titular,Saldos a fin de mes,M,En miles de ARS,ME,1999-12-31,2026-06-30,0.0
853,Total de depósitos de empresas municipales de la provincia de Jujuy,Depósitos por tipo de titular,Saldos a fin de mes,M,En miles de ARS,ME,1999-12-31,2026-06-30,0.0
854,Total de préstamos a empresas municipales de la provincia de La Pampa,Préstamos por tipo de titular,Saldos a fin de mes,M,En miles de ARS,ME,1999-12-31,2026-06-30,0.0
855,Total de depósitos de empresas municipales de la provincia de La Pampa,Depósitos por tipo de titular,Saldos a fin de mes,M,En miles de ARS,ME,1999-12-31,2026-06-30,0.0
856,Total de préstamos a empresas municipales de la provincia de La Rioja,Préstamos por tipo de titular,Saldos a fin de mes,M,En miles de ARS,ME,1999-12-31,2026-06-30,0.0
857,Total de depósitos de empresas municipales de la provincia de La Rioja,Depósitos por tipo de titular,Saldos a fin de mes,M,En miles de ARS,ME,1999-12-31,2026-06-30,0.0
858,Total de préstamos a empresas municipales de la provincia de Mendoza,Préstamos por tipo de titular,Saldos a fin de mes,M,En miles de ARS,ME,1999-12-31,2026-06-30,0.0
859,Total de depósitos de empresas municipales de la provincia de Mendoza,Depósitos por tipo de titular,Saldos a fin de mes,M,En miles de ARS,ME,1999-12-31,2026-06-30,0.0
860,Total de préstamos a empresas municipales de la provincia de Misiones,Préstamos por tipo de titular,Saldos a fin de mes,M,En miles de ARS,ME,1999-12-31,2026-06-30,0.0
861,Total de depósitos de empresas municipales de la provincia de Misiones,Depósitos por tipo de titular,Saldos a fin de mes,M,En miles de ARS,ME,1999-12-31,2026-06-30,0.0
862,Total de préstamos a empresas municipales de la provincia de Neuquén,Préstamos por tipo de titular,Saldos a fin de mes,M,En miles de ARS,ME,1999-12-31,2026-06-30,0.0
863,Total de depósitos de empresas municipales de la provincia de Neuquén,Depósitos por tipo de titular,Saldos a fin de mes,M,En miles de ARS,ME,1999-12-31,2026-06-30,0.0
864,Total de préstamos a empresas municipales de la provincia de Rio Negro,Préstamos por tipo de titular,Saldos a fin de mes,M,En miles de ARS,ME,1999-12-31,2026-06-30,0.0
865,Total de depósitos de empresas municipales de la provincia de Rio Negro,Depósitos por tipo de titular,Saldos a fin de mes,M,En miles de ARS,ME,1999-12-31,2026-06-30,4.0
866,Total de préstamos a empresas municipales de la provincia de Salta,Préstamos por tipo de titular,Saldos a fin de mes,M,En miles de ARS,ME,1999-12-31,2026-06-30,0.0
867,Total de depósitos de empresas municipales de la provincia de Salta,Depósitos por tipo de titular,Saldos a fin de mes,M,En miles de ARS,ME,1999-12-31,2026-06-30,0.0
868,Total de préstamos a empresas municipales de la provincia de San Juan,Préstamos por tipo de titular,Saldos a fin de mes,M,En miles de ARS,ME,1999-12-31,2026-06-30,0.0
869,Total de depósitos de empresas municipales de la provincia de San Juan,Depósitos por tipo de titular,Saldos a fin de mes,M,En miles de ARS,ME,1999-12-31,2026-06-30,0.0
870,Total de préstamos a empresas municipales de la provincia de San Luis,Préstamos por tipo de titular,Saldos a fin de mes,M,En miles de ARS,ME,1999-12-31,2026-06-30,0.0
871,Total de depósitos de empresas municipales de la provincia de San Luis,Depósitos por tipo de titular,Saldos a fin de mes,M,En miles de ARS,ME,1999-12-31,2026-06-30,0.0
872,Total de préstamos a empresas municipales de la provincia de Santa Cruz,Préstamos por tipo de titular,Saldos a fin de mes,M,En miles de ARS,ME,1999-12-31,2026-06-30,0.0
873,Total de depósitos de empresas municipales de la provincia de Santa Cruz,Depósitos por tipo de titular,Saldos a fin de mes,M,En miles de ARS,ME,1999-12-31,2026-06-30,0.0
874,Total de préstamos a empresas municipales de la provincia de Santa Fe,Préstamos por tipo de titular,Saldos a fin de mes,M,En miles de ARS,ME,1999-12-31,2026-06-30,0.0
875,Total de depósitos de empresas municipales de la provincia de Santa Fe,Depósitos por tipo de titular,Saldos a fin de mes,M,En miles de ARS,ME,1999-12-31,2026-06-30,0.0
876,Total de préstamos a empresas municipales de la provincia de Santiago del Estero,Préstamos por tipo de titular,Saldos a fin de mes,M,En miles de ARS,ME,1999-12-31,2026-06-30,0.0
877,Total de depósitos de empresas municipales de la provincia de Santiago del Estero,Depósitos por tipo de titular,Saldos a fin de mes,M,En miles de ARS,ME,1999-12-31,2026-06-30,0.0
878,Total de préstamos a empresas municipales de la provincia de Tierra del Fuego,Préstamos por tipo de titular,Saldos a fin de mes,M,En miles de ARS,ME,1999-12-31,2026-06-30,0.0
879,Total de depósitos de empresas municipales de la provincia de Tierra del Fuego,Depósitos por tipo de titular,Saldos a fin de mes,M,En miles de ARS,ME,1999-12-31,2026-06-30,0.0
880,Total de préstamos a empresas municipales de la provincia de Tucumán,Préstamos por tipo de titular,Saldos a fin de mes,M,En miles de ARS,ME,1999-12-31,2026-06-30,0.0
881,Total de depósitos de empresas municipales de la provincia de Tucumán,Depósitos por tipo de titular,Saldos a fin de mes,M,En miles de ARS,ME,1999-12-31,2026-06-30,0.0
882,Total de préstamos al sector privado no financiero,Préstamos por tipo de titular,Saldos a fin de mes,M,En miles de ARS,MEyML,1999-12-31,2026-06-30,138744680.0
883,Total de préstamos a personas humanas,Préstamos por tipo de titular,Saldos a fin de mes,M,En miles de ARS,MEyML,1999-12-31,2026-06-30,65403148.0
884,Total de préstamos a personas jurídicas,Préstamos por tipo de titular,Saldos a fin de mes,M,En miles de ARS,MEyML,1999-12-31,2026-06-30,73341532.0
885,Total de préstamos a las prestadoras de servicios financieros,Préstamos por tipo de titular,Saldos a fin de mes,M,En miles de ARS,MEyML,1999-12-31,2026-06-30,125490.0
886,Total de préstamos a las compañías de seguros,Préstamos por tipo de titular,Saldos a fin de mes,M,En miles de ARS,MEyML,1999-12-31,2026-06-30,93820.0
887,Total de préstamos a los fondos comunes de inversión,Préstamos por tipo de titular,Saldos a fin de mes,M,En miles de ARS,MEyML,1999-12-31,2026-06-30,4592.0
888,Total de préstamos a las administradoras de fondos de jubilaciones y pensiones,Préstamos por tipo de titular,Saldos a fin de mes,M,En miles de ARS,MEyML,1999-12-31,2026-06-30,0.0
889,Total de préstamos a las sociedades autorizadas para actuar como fiduciario financiero,Préstamos por tipo de titular,Saldos a fin de mes,M,En miles de ARS,MEyML,1999-12-31,2026-06-30,27078.0
890,Total de préstamos a empresas que no son prestadoras de servicios financieros,Préstamos por tipo de titular,Saldos a fin de mes,M,En miles de ARS,MEyML,1999-12-31,2026-06-30,73216042.0
891,Total de préstamos a pequeños y medianos emprendimientos,Préstamos por tipo de titular,Saldos a fin de mes,M,En miles de ARS,MEyML,1999-12-31,2026-06-30,31380891.0
892,Total de préstamos a las empresas no constituidas como pequeños y medianos emprendimientos,Préstamos por tipo de titular,Saldos a fin de mes,M,En miles de ARS,MEyML,1999-12-31,2026-06-30,41835151.0
893,Total de préstamos al sector privado no financiero,Préstamos por tipo de titular,Saldos a fin de mes,M,En miles de ARS,ML,1999-12-31,2026-06-30,103247604.0
894,Total de préstamos a personas humanas,Préstamos por tipo de titular,Saldos a fin de mes,M,En miles de ARS,ML,1999-12-31,2026-06-30,61947103.0
895,Total de préstamos a personas jurídicas,Préstamos por tipo de titular,Saldos a fin de mes,M,En miles de ARS,ML,1999-12-31,2026-06-30,41300501.0
896,Total de préstamos a las prestadoras de servicios financieros,Préstamos por tipo de titular,Saldos a fin de mes,M,En miles de ARS,ML,1999-12-31,2026-06-30,121168.0
897,Total de préstamos a las compañías de seguros,Préstamos por tipo de titular,Saldos a fin de mes,M,En miles de ARS,ML,1999-12-31,2026-06-30,92908.0
898,Total de préstamos a los fondos comunes de inversión,Préstamos por tipo de titular,Saldos a fin de mes,M,En miles de ARS,ML,1999-12-31,2026-06-30,4054.0
899,Total de préstamos a las administradoras de fondos de jubilaciones y pensiones,Préstamos por tipo de titular,Saldos a fin de mes,M,En miles de ARS,ML,1999-12-31,2026-06-30,0.0
900,Total de préstamos a las sociedades autorizadas para actuar como fiduciario financiero,Préstamos por tipo de titular,Saldos a fin de mes,M,En miles de ARS,ML,1999-12-31,2026-06-30,24207.0
901,Total de préstamos a empresas que no son prestadoras de servicios financieros,Préstamos por tipo de titular,Saldos a fin de mes,M,En miles de ARS,ML,1999-12-31,2026-06-30,41179333.0
902,Total de préstamos a pequeños y medianos emprendimientos,Préstamos por tipo de titular,Saldos a fin de mes,M,En miles de ARS,ML,1999-12-31,2026-06-30,21670793.0
903,Total de préstamos a las empresas no constituidas como pequeños y medianos emprendimientos,Préstamos por tipo de titular,Saldos a fin de mes,M,En miles de ARS,ML,1999-12-31,2026-06-30,19508540.0
904,Total de préstamos al sector privado no financiero,Préstamos por tipo de titular,Saldos a fin de mes,M,En miles de ARS,ME,1999-12-31,2026-06-30,35497076.0
905,Total de préstamos a personas humanas,Préstamos por tipo de titular,Saldos a fin de mes,M,En miles de ARS,ME,1999-12-31,2026-06-30,3441220.0
906,Total de préstamos a personas jurídicas,Préstamos por tipo de titular,Saldos a fin de mes,M,En miles de ARS,ME,1999-12-31,2026-06-30,32055855.0
907,Total de préstamos a las prestadoras de servicios financieros,Préstamos por tipo de titular,Saldos a fin de mes,M,En miles de ARS,ME,1999-12-31,2026-06-30,4322.0
908,Total de préstamos a las compañías de seguros,Préstamos por tipo de titular,Saldos a fin de mes,M,En miles de ARS,ME,1999-12-31,2026-06-30,912.0
909,Total de préstamos a los fondos comunes de inversión,Préstamos por tipo de titular,Saldos a fin de mes,M,En miles de ARS,ME,1999-12-31,2026-06-30,538.0
910,Total de préstamos a las administradoras de fondos de jubilaciones y pensiones,Préstamos por tipo de titular,Saldos a fin de mes,M,En miles de ARS,ME,1999-12-31,2026-06-30,0.0
911,Total de préstamos a las sociedades autorizadas para actuar como fiduciario financiero,Préstamos por tipo de titular,Saldos a fin de mes,M,En miles de ARS,ME,1999-12-31,2026-06-30,2871.0
912,Total de préstamos a empresas que no son prestadoras de servicios financieros,Préstamos por tipo de titular,Saldos a fin de mes,M,En miles de ARS,ME,1999-12-31,2026-06-30,32051534.0
913,Total de préstamos a pequeños y medianos emprendimientos,Préstamos por tipo de titular,Saldos a fin de mes,M,En miles de ARS,ME,1999-12-31,2026-06-30,9707573.0
914,Total de préstamos a las empresas no constituidas como pequeños y medianos emprendimientos,Préstamos por tipo de titular,Saldos a fin de mes,M,En miles de ARS,ME,1999-12-31,2026-06-30,22343960.0
915,Total de préstamos hipotecaRíos al sector privado,Préstamos por tipo de titular,Saldos a fin de mes,M,En miles de ARS,MEyML,1999-12-31,2026-06-30,8933864.0
916,Préstamos hipotecarios a personas humanas,Préstamos por tipo de titular,Saldos a fin de mes,M,En miles de ARS,MEyML,1999-12-31,2026-06-30,7099801.0
917,Préstamos hipotecarios a personas jurídicas,Préstamos por tipo de titular,Saldos a fin de mes,M,En miles de ARS,MEyML,1999-12-31,2026-06-30,1834063.0
918,Préstamos hipotecarios a las prestadoras de servicios financieros,Préstamos por tipo de titular,Saldos a fin de mes,M,En miles de ARS,MEyML,1999-12-31,2026-06-30,1334.0
919,Préstamos hipotecarios a las compañías de seguros,Préstamos por tipo de titular,Saldos a fin de mes,M,En miles de ARS,MEyML,1999-12-31,2026-06-30,1137.0
920,Préstamos hipotecarios a los fondos comunes de inversión,Préstamos por tipo de titular,Saldos a fin de mes,M,En miles de ARS,MEyML,1999-12-31,2026-06-30,0.0
921,Préstamos hipotecarios a las administradoras de fondos de jubilaciones y pensiones,Préstamos por tipo de titular,Saldos a fin de mes,M,En miles de ARS,MEyML,1999-12-31,2026-06-30,0.0
922,Préstamos hipotecarios a las sociedades autorizadas para actuar como fiduciario financiero,Préstamos por tipo de titular,Saldos a fin de mes,M,En miles de ARS,MEyML,1999-12-31,2026-06-30,197.0
923,Préstamos hipotecarios a empresas que no son prestadoras de servicios financieros,Préstamos por tipo de titular,Saldos a fin de mes,M,En miles de ARS,MEyML,1999-12-31,2026-06-30,1832729.0
924,Préstamos hipotecarios a pequeños y medianos emprendimientos,Préstamos por tipo de titular,Saldos a fin de mes,M,En miles de ARS,MEyML,1999-12-31,2026-06-30,1376016.0
925,Préstamos hipotecarios a las empresas no constituidas como pequeños y medianos emprendimientos,Préstamos por tipo de titular,Saldos a fin de mes,M,En miles de ARS,MEyML,1999-12-31,2026-06-30,456713.0
926,Total de préstamos hipotecarios al sector privado,Préstamos por tipo de titular,Saldos a fin de mes,M,En miles de ARS,ML,1999-12-31,2026-06-30,7926253.0
927,Préstamos hipotecarios a personas humanas,Préstamos por tipo de titular,Saldos a fin de mes,M,En miles de ARS,ML,1999-12-31,2026-06-30,6943415.0
928,Préstamos hipotecarios a personas jurídicas,Préstamos por tipo de titular,Saldos a fin de mes,M,En miles de ARS,ML,1999-12-31,2026-06-30,982838.0
929,Préstamos hipotecarios a las prestadoras de servicios financieros,Préstamos por tipo de titular,Saldos a fin de mes,M,En miles de ARS,ML,1999-12-31,2026-06-30,1334.0
930,Préstamos hipotecarios a las compañías de seguros,Préstamos por tipo de titular,Saldos a fin de mes,M,En miles de ARS,ML,1999-12-31,2026-06-30,1137.0
931,Préstamos hipotecarios a los fondos comunes de inversión,Préstamos por tipo de titular,Saldos a fin de mes,M,En miles de ARS,ML,1999-12-31,2026-06-30,0.0
932,Préstamos hipotecarios a las administradoras de fondos de jubilaciones y pensiones,Préstamos por tipo de titular,Saldos a fin de mes,M,En miles de ARS,ML,1999-12-31,2026-06-30,0.0
933,Préstamos hipotecarios a las sociedades autorizadas para actuar como fiduciario financiero,Préstamos por tipo de titular,Saldos a fin de mes,M,En miles de ARS,ML,1999-12-31,2026-06-30,197.0
934,Préstamos hipotecarios a empresas que no son prestadoras de servicios financieros,Préstamos por tipo de titular,Saldos a fin de mes,M,En miles de ARS,ML,1999-12-31,2026-06-30,981504.0
935,Préstamos hipotecarios a pequeños y medianos emprendimientos,Préstamos por tipo de titular,Saldos a fin de mes,M,En miles de ARS,ML,1999-12-31,2026-06-30,737168.0
936,Préstamos hipotecarios a las empresas no constituidas como pequeños y medianos emprendimientos,Préstamos por tipo de titular,Saldos a fin de mes,M,En miles de ARS,ML,1999-12-31,2026-06-30,244336.0
937,Total de préstamos hipotecarios al sector privado,Préstamos por tipo de titular,Saldos a fin de mes,M,En miles de ARS,ME,1999-12-31,2026-06-30,1007611.0
938,Préstamos hipotecarios a personas humanas,Préstamos por tipo de titular,Saldos a fin de mes,M,En miles de ARS,ME,1999-12-31,2026-06-30,156385.0
939,Préstamos hipotecarios a personas jurídicas,Préstamos por tipo de titular,Saldos a fin de mes,M,En miles de ARS,ME,1999-12-31,2026-06-30,851227.0
940,Préstamos hipotecarios a las prestadoras de servicios financieros,Préstamos por tipo de titular,Saldos a fin de mes,M,En miles de ARS,ME,1999-12-31,2026-06-30,0.0
941,Préstamos hipotecarios a las compañías de seguros,Préstamos por tipo de titular,Saldos a fin de mes,M,En miles de ARS,ME,1999-12-31,2026-06-30,0.0
942,Préstamos hipotecarios a los fondos comunes de inversión,Préstamos por tipo de titular,Saldos a fin de mes,M,En miles de ARS,ME,1999-12-31,2026-06-30,0.0
943,Préstamos hipotecarios a las administradoras de fondos de jubilaciones y pensiones,Préstamos por tipo de titular,Saldos a fin de mes,M,En miles de ARS,ME,1999-12-31,2026-06-30,0.0
944,Préstamos hipotecarios a las sociedades autorizadas para actuar como fiduciario financiero,Préstamos por tipo de titular,Saldos a fin de mes,M,En miles de ARS,ME,1999-12-31,2026-06-30,0.0
945,Préstamos hipotecarios a empresas que no son prestadoras de servicios financieros,Préstamos por tipo de titular,Saldos a fin de mes,M,En miles de ARS,ME,1999-12-31,2026-06-30,851227.0
946,Préstamos hipotecarios a pequeños y medianos emprendimientos,Préstamos por tipo de titular,Saldos a fin de mes,M,En miles de ARS,ME,1999-12-31,2026-06-30,638849.0
947,Préstamos hipotecarios a las empresas no constituidas como pequeños y medianos emprendimientos,Préstamos por tipo de titular,Saldos a fin de mes,M,En miles de ARS,ME,1999-12-31,2026-06-30,212378.0
948,Total de préstamos prendarios al sector privado,Préstamos por tipo de titular,Saldos a fin de mes,M,En miles de ARS,MEyML,1999-12-31,2026-06-30,8298420.0
949,Préstamos prendarios a personas humanas,Préstamos por tipo de titular,Saldos a fin de mes,M,En miles de ARS,MEyML,1999-12-31,2026-06-30,4499570.0
950,Préstamos prendarios a personas jurídicas,Préstamos por tipo de titular,Saldos a fin de mes,M,En miles de ARS,MEyML,1999-12-31,2026-06-30,3798850.0
951,Préstamos prendarios a las prestadoras de servicios financieros,Préstamos por tipo de titular,Saldos a fin de mes,M,En miles de ARS,MEyML,1999-12-31,2026-06-30,1636.0
952,Préstamos prendarios a las compañías de seguros,Préstamos por tipo de titular,Saldos a fin de mes,M,En miles de ARS,MEyML,1999-12-31,2026-06-30,1273.0
953,Préstamos prendarios a los fondos comunes de inversión,Préstamos por tipo de titular,Saldos a fin de mes,M,En miles de ARS,MEyML,1999-12-31,2026-06-30,0.0
954,Préstamos prendarios a las administradoras de fondos de jubilaciones y pensiones,Préstamos por tipo de titular,Saldos a fin de mes,M,En miles de ARS,MEyML,1999-12-31,2026-06-30,0.0
955,Préstamos prendarios a las sociedades autorizadas para actuar como fiduciario financiero,Préstamos por tipo de titular,Saldos a fin de mes,M,En miles de ARS,MEyML,1999-12-31,2026-06-30,363.0
956,Préstamos prendarios a empresas que no son prestadoras de servicios financieros,Préstamos por tipo de titular,Saldos a fin de mes,M,En miles de ARS,MEyML,1999-12-31,2026-06-30,3797214.0
957,Préstamos prendarios a pequeños y medianos emprendimientos,Préstamos por tipo de titular,Saldos a fin de mes,M,En miles de ARS,MEyML,1999-12-31,2026-06-30,2311151.0
958,Préstamos prendarios a las empresas no constituidas como pequeños y medianos emprendimientos,Préstamos por tipo de titular,Saldos a fin de mes,M,En miles de ARS,MEyML,1999-12-31,2026-06-30,1486063.0
959,Total de préstamos prendarios al sector privado,Préstamos por tipo de titular,Saldos a fin de mes,M,En miles de ARS,ML,1999-12-31,2026-06-30,6291061.0
960,Préstamos prendarios a personas humanas,Préstamos por tipo de titular,Saldos a fin de mes,M,En miles de ARS,ML,1999-12-31,2026-06-30,3579977.0
961,Préstamos prendarios a personas jurídicas,Préstamos por tipo de titular,Saldos a fin de mes,M,En miles de ARS,ML,1999-12-31,2026-06-30,2711084.0
962,Préstamos prendarios a las prestadoras de servicios financieros,Préstamos por tipo de titular,Saldos a fin de mes,M,En miles de ARS,ML,1999-12-31,2026-06-30,1492.0
963,Préstamos prendarios a las compañías de seguros,Préstamos por tipo de titular,Saldos a fin de mes,M,En miles de ARS,ML,1999-12-31,2026-06-30,1273.0
964,Préstamos prendarios a los fondos comunes de inversión,Préstamos por tipo de titular,Saldos a fin de mes,M,En miles de ARS,ML,1999-12-31,2026-06-30,0.0
965,Préstamos prendarios a las administradoras de fondos de jubilaciones y pensiones,Préstamos por tipo de titular,Saldos a fin de mes,M,En miles de ARS,ML,1999-12-31,2026-06-30,0.0
966,Préstamos prendarios a las sociedades autorizadas para actuar como fiduciario financiero,Préstamos por tipo de titular,Saldos a fin de mes,M,En miles de ARS,ML,1999-12-31,2026-06-30,219.0
967,Préstamos prendarios a empresas que no son prestadoras de servicios financieros,Préstamos por tipo de titular,Saldos a fin de mes,M,En miles de ARS,ML,1999-12-31,2026-06-30,2709592.0
968,Préstamos prendarios a pequeños y medianos emprendimientos,Préstamos por tipo de titular,Saldos a fin de mes,M,En miles de ARS,ML,1999-12-31,2026-06-30,1327527.0
969,Préstamos prendarios a las empresas no constituidas como pequeños y medianos emprendimientos,Préstamos por tipo de titular,Saldos a fin de mes,M,En miles de ARS,ML,1999-12-31,2026-06-30,1382065.0
970,Total de préstamos prendarios al sector privado,Préstamos por tipo de titular,Saldos a fin de mes,M,En miles de ARS,ME,1999-12-31,2026-06-30,2007359.0
971,Préstamos prendarios a personas humanas,Préstamos por tipo de titular,Saldos a fin de mes,M,En miles de ARS,ME,1999-12-31,2026-06-30,919599.0
972,Préstamos prendarios a personas jurídicas,Préstamos por tipo de titular,Saldos a fin de mes,M,En miles de ARS,ME,1999-12-31,2026-06-30,1087760.0
973,Préstamos prendarios a las prestadoras de servicios financieros,Préstamos por tipo de titular,Saldos a fin de mes,M,En miles de ARS,ME,1999-12-31,2026-06-30,144.0
974,Préstamos prendarios a las compañías de seguros,Préstamos por tipo de titular,Saldos a fin de mes,M,En miles de ARS,ME,1999-12-31,2026-06-30,0.0
975,Préstamos prendarios a los fondos comunes de inversión,Préstamos por tipo de titular,Saldos a fin de mes,M,En miles de ARS,ME,1999-12-31,2026-06-30,0.0
976,Préstamos prendarios a las administradoras de fondos de jubilaciones y pensiones,Préstamos por tipo de titular,Saldos a fin de mes,M,En miles de ARS,ME,1999-12-31,2026-06-30,0.0
977,Préstamos prendarios a las sociedades autorizadas para actuar como fiduciario financiero,Préstamos por tipo de titular,Saldos a fin de mes,M,En miles de ARS,ME,1999-12-31,2026-06-30,144.0
978,Préstamos prendarios a empresas que no son prestadoras de servicios financieros,Préstamos por tipo de titular,Saldos a fin de mes,M,En miles de ARS,ME,1999-12-31,2026-06-30,1087616.0
979,Préstamos prendarios a pequeños y medianos emprendimientos,Préstamos por tipo de titular,Saldos a fin de mes,M,En miles de ARS,ME,1999-12-31,2026-06-30,981938.0
980,Préstamos prendarios a las empresas no constituidas como pequeños y medianos emprendimientos,Préstamos por tipo de titular,Saldos a fin de mes,M,En miles de ARS,ME,1999-12-31,2026-06-30,105679.0
981,Total de depósitos del sector privado no financiero,Depósitos por tipo de titular,Saldos a fin de mes,M,En miles de ARS,MEyML,1999-12-31,2026-06-30,184877872.0
982,Total de depósitos de personas humanas,Depósitos por tipo de titular,Saldos a fin de mes,M,En miles de ARS,MEyML,1999-12-31,2026-06-30,88124170.0
983,Total de depósitos de personas jurídicas,Depósitos por tipo de titular,Saldos a fin de mes,M,En miles de ARS,MEyML,1999-12-31,2026-06-30,96753702.0
984,Total de depósitos de las prestadoras de servicios financieros,Depósitos por tipo de titular,Saldos a fin de mes,M,En miles de ARS,MEyML,1999-12-31,2026-06-30,50254763.0
985,Total de depósitos de las compañías de seguros,Depósitos por tipo de titular,Saldos a fin de mes,M,En miles de ARS,MEyML,1999-12-31,2026-06-30,701009.0
986,Total de depósitos de los fondos comunes de inversión,Depósitos por tipo de titular,Saldos a fin de mes,M,En miles de ARS,MEyML,1999-12-31,2026-06-30,47790971.0
987,Total de depósitos de las administradoras de fondos de jubilaciones y pensiones,Depósitos por tipo de titular,Saldos a fin de mes,M,En miles de ARS,MEyML,1999-12-31,2026-06-30,0.0
988,Total de depósitos de las sociedades autorizadas para actuar como fiduciario financiero,Depósitos por tipo de titular,Saldos a fin de mes,M,En miles de ARS,MEyML,1999-12-31,2026-06-30,1762783.0
989,Total de depósitos de empresas que no son prestadoras de servicios financieros,Depósitos por tipo de titular,Saldos a fin de mes,M,En miles de ARS,MEyML,1999-12-31,2026-06-30,46498939.0
990,Total de depósitos de pequeños y medianos emprendimientos,Depósitos por tipo de titular,Saldos a fin de mes,M,En miles de ARS,MEyML,1999-12-31,2026-06-30,15420322.0
991,Total de depósitos de las empresas no constituidas como pequeños y medianos emprendimientos,Depósitos por tipo de titular,Saldos a fin de mes,M,En miles de ARS,MEyML,1999-12-31,2026-06-30,31078616.0
992,Total de depósitos del sector privado no financiero,Depósitos por tipo de titular,Saldos a fin de mes,M,En miles de ARS,ML,1999-12-31,2026-06-30,126502605.0
993,Total de depósitos de personas humanas,Depósitos por tipo de titular,Saldos a fin de mes,M,En miles de ARS,ML,1999-12-31,2026-06-30,50367105.0
994,Total de depósitos de personas jurídicas,Depósitos por tipo de titular,Saldos a fin de mes,M,En miles de ARS,ML,1999-12-31,2026-06-30,76135500.0
995,Total de depósitos de las prestadoras de servicios financieros,Depósitos por tipo de titular,Saldos a fin de mes,M,En miles de ARS,ML,1999-12-31,2026-06-30,42823631.0
996,Total de depósitos de las compañías de seguros,Depósitos por tipo de titular,Saldos a fin de mes,M,En miles de ARS,ML,1999-12-31,2026-06-30,598582.0
997,Total de depósitos de los fondos comunes de inversión,Depósitos por tipo de titular,Saldos a fin de mes,M,En miles de ARS,ML,1999-12-31,2026-06-30,41311539.0
998,Total de depósitos de las administradoras de fondos de jubilaciones y pensiones,Depósitos por tipo de titular,Saldos a fin de mes,M,En miles de ARS,ML,1999-12-31,2026-06-30,0.0
999,Total de depósitos de las sociedades autorizadas para actuar como fiduciario financiero,Depósitos por tipo de titular,Saldos a fin de mes,M,En miles de ARS,ML,1999-12-31,2026-06-30,913510.0
1000,Total de depósitos de empresas que no son prestadoras de servicios financieros,Depósitos por tipo de titular,Saldos a fin de mes,M,En miles de ARS,ML,1999-12-31,2026-06-30,33311869.0
1001,Total de depósitos de pequeños y medianos emprendimientos,Depósitos por tipo de titular,Saldos a fin de mes,M,En miles de ARS,ML,1999-12-31,2026-06-30,11946160.0
1002,Total de depósitos de las empresas no constituidas como pequeños y medianos emprendimientos,Depósitos por tipo de titular,Saldos a fin de mes,M,En miles de ARS,ML,1999-12-31,2026-06-30,21365709.0
1003,Total de depósitos del sector privado no financiero,Depósitos por tipo de titular,Saldos a fin de mes,M,En miles de ARS,ME,1999-12-31,2026-06-30,58375267.0
1004,Total de depósitos de personas humanas,Depósitos por tipo de titular,Saldos a fin de mes,M,En miles de ARS,ME,1999-12-31,2026-06-30,37716824.0
1005,Total de depósitos de personas jurídicas,Depósitos por tipo de titular,Saldos a fin de mes,M,En miles de ARS,ME,1999-12-31,2026-06-30,20658443.0
1006,Total de depósitos de las prestadoras de servicios financieros,Depósitos por tipo de titular,Saldos a fin de mes,M,En miles de ARS,ME,1999-12-31,2026-06-30,7431132.0
1007,Total de depósitos de las compañías de seguros,Depósitos por tipo de titular,Saldos a fin de mes,M,En miles de ARS,ME,1999-12-31,2026-06-30,102426.0
1008,Total de depósitos de los fondos comunes de inversión,Depósitos por tipo de titular,Saldos a fin de mes,M,En miles de ARS,ME,1999-12-31,2026-06-30,6479432.0
1009,Total de depósitos de las administradoras de fondos de jubilaciones y pensiones,Depósitos por tipo de titular,Saldos a fin de mes,M,En miles de ARS,ME,1999-12-31,2026-06-30,0.0
1010,Total de depósitos de las sociedades autorizadas para actuar como fiduciario financiero,Depósitos por tipo de titular,Saldos a fin de mes,M,En miles de ARS,ME,1999-12-31,2026-06-30,849274.0
1011,Total de depósitos de empresas que no son prestadoras de servicios financieros,Depósitos por tipo de titular,Saldos a fin de mes,M,En miles de ARS,ME,1999-12-31,2026-06-30,13227311.0
1012,Total de depósitos de pequeños y medianos emprendimientos,Depósitos por tipo de titular,Saldos a fin de mes,M,En miles de ARS,ME,1999-12-31,2026-06-30,3468724.0
1013,Total de depósitos de las empresas no constituidas como pequeños y medianos emprendimientos,Depósitos por tipo de titular,Saldos a fin de mes,M,En miles de ARS,ME,1999-12-31,2026-06-30,9758587.0
1014,Total de depósitos en cuentas corrientes del sector privado,Depósitos por tipo de titular,Saldos a fin de mes,M,En miles de ARS,MEyML,1999-12-31,2026-06-30,23015719.0
1015,Depósitos en cuentas corrientes de personas humanas,Depósitos por tipo de titular,Saldos a fin de mes,M,En miles de ARS,MEyML,1999-12-31,2026-06-30,1926205.0
1016,Depósitos en cuentas corrientes de personas jurídicas,Depósitos por tipo de titular,Saldos a fin de mes,M,En miles de ARS,MEyML,1999-12-31,2026-06-30,21089513.0
1017,Depósitos en cuentas corrientes de las prestadoras de servicios financieros,Depósitos por tipo de titular,Saldos a fin de mes,M,En miles de ARS,MEyML,1999-12-31,2026-06-30,4240057.0
1018,Depósitos en cuentas corrientes de las compañías de seguros,Depósitos por tipo de titular,Saldos a fin de mes,M,En miles de ARS,MEyML,1999-12-31,2026-06-30,246070.0
1019,Depósitos en cuentas corrientes de los fondos comunes de inversión,Depósitos por tipo de titular,Saldos a fin de mes,M,En miles de ARS,MEyML,1999-12-31,2026-06-30,3801494.0
1020,Depósitos en cuentas corrientes de las administradoras de fondos de jubilaciones y pensiones,Depósitos por tipo de titular,Saldos a fin de mes,M,En miles de ARS,MEyML,1999-12-31,2026-06-30,0.0
1021,Depósitos en cuentas corrientes de las sociedades autorizadas para actuar como fiduciario financiero,Depósitos por tipo de titular,Saldos a fin de mes,M,En miles de ARS,MEyML,1999-12-31,2026-06-30,192493.0
1022,Depósitos en cuentas corrientes de empresas que no son prestadoras de servicios financieros,Depósitos por tipo de titular,Saldos a fin de mes,M,En miles de ARS,MEyML,1999-12-31,2026-06-30,16849457.0
1023,Depósitos en cuentas corrientes de pequeños y medianos emprendimientos,Depósitos por tipo de titular,Saldos a fin de mes,M,En miles de ARS,MEyML,1999-12-31,2026-06-30,6823435.0
1024,Depósitos en cuentas corrientes de las empresas no constituidas como pequeños y medianos emprendimien,Depósitos por tipo de titular,Saldos a fin de mes,M,En miles de ARS,MEyML,1999-12-31,2026-06-30,10026021.0
1025,Total de depósitos en cuentas corrientes del sector privado,Depósitos por tipo de titular,Saldos a fin de mes,M,En miles de ARS,ML,1999-12-31,2026-06-30,22988295.0
1026,Depósitos en cuentas corrientes de personas humanas,Depósitos por tipo de titular,Saldos a fin de mes,M,En miles de ARS,ML,1999-12-31,2026-06-30,1926200.0
1027,Depósitos en cuentas corrientes de personas jurídicas,Depósitos por tipo de titular,Saldos a fin de mes,M,En miles de ARS,ML,1999-12-31,2026-06-30,21062095.0
1028,Depósitos en cuentas corrientes de las prestadoras de servicios financieros,Depósitos por tipo de titular,Saldos a fin de mes,M,En miles de ARS,ML,1999-12-31,2026-06-30,4239686.0
1029,Depósitos en cuentas corrientes de las compañías de seguros,Depósitos por tipo de titular,Saldos a fin de mes,M,En miles de ARS,ML,1999-12-31,2026-06-30,246070.0
1030,Depósitos en cuentas corrientes de los fondos comunes de inversión,Depósitos por tipo de titular,Saldos a fin de mes,M,En miles de ARS,ML,1999-12-31,2026-06-30,3801123.0
1031,Depósitos en cuentas corrientes de las administradoras de fondos de jubilaciones y pensiones,Depósitos por tipo de titular,Saldos a fin de mes,M,En miles de ARS,ML,1999-12-31,2026-06-30,0.0
1032,Depósitos en cuentas corrientes de las sociedades autorizadas para actuar como fiduciario financiero,Depósitos por tipo de titular,Saldos a fin de mes,M,En miles de ARS,ML,1999-12-31,2026-06-30,192493.0
1033,Depósitos en cuentas corrientes de empresas que no son prestadoras de servicios financieros,Depósitos por tipo de titular,Saldos a fin de mes,M,En miles de ARS,ML,1999-12-31,2026-06-30,16822409.0
1034,Depósitos en cuentas corrientes de pequeños y medianos emprendimientos,Depósitos por tipo de titular,Saldos a fin de mes,M,En miles de ARS,ML,1999-12-31,2026-06-30,6818788.0
1035,Depósitos en cuentas corrientes de las empresas no constituidas como pequeños y medianos emprendimien,Depósitos por tipo de titular,Saldos a fin de mes,M,En miles de ARS,ML,1999-12-31,2026-06-30,10003622.0
1036,Total de depósitos en cuentas corrientes del sector privado,Depósitos por tipo de titular,Saldos a fin de mes,M,En miles de ARS,ME,1999-12-31,2026-06-30,27423.0
1037,Depósitos en cuentas corrientes de personas humanas,Depósitos por tipo de titular,Saldos a fin de mes,M,En miles de ARS,ME,1999-12-31,2026-06-30,6.0
1038,Depósitos en cuentas corrientes de personas jurídicas,Depósitos por tipo de titular,Saldos a fin de mes,M,En miles de ARS,ME,1999-12-31,2026-06-30,27417.0
1039,Depósitos en cuentas corrientes de las prestadoras de servicios financieros,Depósitos por tipo de titular,Saldos a fin de mes,M,En miles de ARS,ME,1999-12-31,2026-06-30,371.0
1040,Depósitos en cuentas corrientes de las compañías de seguros,Depósitos por tipo de titular,Saldos a fin de mes,M,En miles de ARS,ME,1999-12-31,2026-06-30,0.0
1041,Depósitos en cuentas corrientes de los fondos comunes de inversión,Depósitos por tipo de titular,Saldos a fin de mes,M,En miles de ARS,ME,1999-12-31,2026-06-30,371.0
1042,Depósitos en cuentas corrientes de las administradoras de fondos de jubilaciones y pensiones,Depósitos por tipo de titular,Saldos a fin de mes,M,En miles de ARS,ME,1999-12-31,2026-06-30,0.0
1043,Depósitos en cuentas corrientes de las sociedades autorizadas para actuar como fiduciario financiero,Depósitos por tipo de titular,Saldos a fin de mes,M,En miles de ARS,ME,1999-12-31,2026-06-30,0.0
1044,Depósitos en cuentas corrientes de empresas que no son prestadoras de servicios financieros,Depósitos por tipo de titular,Saldos a fin de mes,M,En miles de ARS,ME,1999-12-31,2026-06-30,27047.0
1045,Depósitos en cuentas corrientes de pequeños y medianos emprendimientos,Depósitos por tipo de titular,Saldos a fin de mes,M,En miles de ARS,ME,1999-12-31,2026-06-30,1164.0
1046,Depósitos en cuentas corrientes de las empresas no constituidas como pequeños y medianos emprendimien,Depósitos por tipo de titular,Saldos a fin de mes,M,En miles de ARS,ME,1999-12-31,2026-06-30,25883.0
1047,Total de depósitos en caja de ahorros del sector privado,Depósitos por tipo de titular,Saldos a fin de mes,M,En miles de ARS,MEyML,1999-12-31,2026-06-30,77794979.0
1048,Depósitos en caja de ahorros de personas humanas,Depósitos por tipo de titular,Saldos a fin de mes,M,En miles de ARS,MEyML,1999-12-31,2026-06-30,56428942.0
1049,Depósitos en caja de ahorros de personas jurídicas,Depósitos por tipo de titular,Saldos a fin de mes,M,En miles de ARS,MEyML,1999-12-31,2026-06-30,21366037.0
1050,Depósitos en caja de ahorros de las prestadoras de servicios financieros,Depósitos por tipo de titular,Saldos a fin de mes,M,En miles de ARS,MEyML,1999-12-31,2026-06-30,10515775.0
1051,Depósitos en caja de ahorros de las compañías de seguros,Depósitos por tipo de titular,Saldos a fin de mes,M,En miles de ARS,MEyML,1999-12-31,2026-06-30,71491.0
1052,Depósitos en caja de ahorros de los fondos comunes de inversión,Depósitos por tipo de titular,Saldos a fin de mes,M,En miles de ARS,MEyML,1999-12-31,2026-06-30,10136920.0
1053,Depósitos en caja de ahorros de las administradoras de fondos de jubilaciones y pensiones,Depósitos por tipo de titular,Saldos a fin de mes,M,En miles de ARS,MEyML,1999-12-31,2026-06-30,0.0
1054,Depósitos en caja de ahorros de las sociedades autorizadas para actuar como fiduciario financiero,Depósitos por tipo de titular,Saldos a fin de mes,M,En miles de ARS,MEyML,1999-12-31,2026-06-30,307363.0
1055,Depósitos en caja de ahorros de empresas que no son prestadoras de servicios financieros,Depósitos por tipo de titular,Saldos a fin de mes,M,En miles de ARS,MEyML,1999-12-31,2026-06-30,10850262.0
1056,Depósitos en caja de ahorros de pequeños y medianos emprendimientos,Depósitos por tipo de titular,Saldos a fin de mes,M,En miles de ARS,MEyML,1999-12-31,2026-06-30,2911401.0
1057,Depósitos en caja de ahorros de las empresas no constituidas como pequeños y medianos emprendimientos,Depósitos por tipo de titular,Saldos a fin de mes,M,En miles de ARS,MEyML,1999-12-31,2026-06-30,7938861.0
1058,Total de depósitos en caja de ahorros del sector privado,Depósitos por tipo de titular,Saldos a fin de mes,M,En miles de ARS,ML,1999-12-31,2026-06-30,36179451.0
1059,Depósitos en caja de ahorros de personas humanas,Depósitos por tipo de titular,Saldos a fin de mes,M,En miles de ARS,ML,1999-12-31,2026-06-30,26188469.0
1060,Depósitos en caja de ahorros de personas jurídicas,Depósitos por tipo de titular,Saldos a fin de mes,M,En miles de ARS,ML,1999-12-31,2026-06-30,9990982.0
1061,Depósitos en caja de ahorros de las prestadoras de servicios financieros,Depósitos por tipo de titular,Saldos a fin de mes,M,En miles de ARS,ML,1999-12-31,2026-06-30,7565461.0
1062,Depósitos en caja de ahorros de las compañías de seguros,Depósitos por tipo de titular,Saldos a fin de mes,M,En miles de ARS,ML,1999-12-31,2026-06-30,6727.0
1063,Depósitos en caja de ahorros de los fondos comunes de inversión,Depósitos por tipo de titular,Saldos a fin de mes,M,En miles de ARS,ML,1999-12-31,2026-06-30,7556585.0
1064,Depósitos en caja de ahorros de las administradoras de fondos de jubilaciones y pensiones,Depósitos por tipo de titular,Saldos a fin de mes,M,En miles de ARS,ML,1999-12-31,2026-06-30,0.0
1065,Depósitos en caja de ahorros de las sociedades autorizadas para actuar como fiduciario financiero,Depósitos por tipo de titular,Saldos a fin de mes,M,En miles de ARS,ML,1999-12-31,2026-06-30,2149.0
1066,Depósitos en caja de ahorros de empresas que no son prestadoras de servicios financieros,Depósitos por tipo de titular,Saldos a fin de mes,M,En miles de ARS,ML,1999-12-31,2026-06-30,2425521.0
1067,Depósitos en caja de ahorros de pequeños y medianos emprendimientos,Depósitos por tipo de titular,Saldos a fin de mes,M,En miles de ARS,ML,1999-12-31,2026-06-30,197126.0
1068,Depósitos en caja de ahorros de las empresas no constituidas como pequeños y medianos emprendimientos,Depósitos por tipo de titular,Saldos a fin de mes,M,En miles de ARS,ML,1999-12-31,2026-06-30,2228395.0
1069,Total de depósitos en caja de ahorros del sector privado,Depósitos por tipo de titular,Saldos a fin de mes,M,En miles de ARS,ME,1999-12-31,2026-06-30,41615528.0
1070,Depósitos en caja de ahorros de personas humanas,Depósitos por tipo de titular,Saldos a fin de mes,M,En miles de ARS,ME,1999-12-31,2026-06-30,30239916.0
1071,Depósitos en caja de ahorros de personas jurídicas,Depósitos por tipo de titular,Saldos a fin de mes,M,En miles de ARS,ME,1999-12-31,2026-06-30,11375612.0
1072,Depósitos en caja de ahorros de las prestadoras de servicios financieros,Depósitos por tipo de titular,Saldos a fin de mes,M,En miles de ARS,ME,1999-12-31,2026-06-30,2950314.0
1073,Depósitos en caja de ahorros de las compañías de seguros,Depósitos por tipo de titular,Saldos a fin de mes,M,En miles de ARS,ME,1999-12-31,2026-06-30,64763.0
1074,Depósitos en caja de ahorros de los fondos comunes de inversión,Depósitos por tipo de titular,Saldos a fin de mes,M,En miles de ARS,ME,1999-12-31,2026-06-30,2580336.0
1075,Depósitos en caja de ahorros de las administradoras de fondos de jubilaciones y pensiones,Depósitos por tipo de titular,Saldos a fin de mes,M,En miles de ARS,ME,1999-12-31,2026-06-30,0.0
1076,Depósitos en caja de ahorros de las sociedades autorizadas para actuar como fiduciario financiero,Depósitos por tipo de titular,Saldos a fin de mes,M,En miles de ARS,ME,1999-12-31,2026-06-30,305214.0
1077,Depósitos en caja de ahorros de empresas que no son prestadoras de servicios financieros,Depósitos por tipo de titular,Saldos a fin de mes,M,En miles de ARS,ME,1999-12-31,2026-06-30,8425299.0
1078,Depósitos en caja de ahorros de pequeños y medianos emprendimientos,Depósitos por tipo de titular,Saldos a fin de mes,M,En miles de ARS,ME,1999-12-31,2026-06-30,2714738.0
1079,Depósitos en caja de ahorros de las empresas no constituidas como pequeños y medianos emprendimientos,Depósitos por tipo de titular,Saldos a fin de mes,M,En miles de ARS,ME,1999-12-31,2026-06-30,5710561.0
1080,Total de depósitos a plazo fijo del sector privado,Depósitos por tipo de titular,Saldos a fin de mes,M,En miles de ARS,MEyML,1999-12-31,2026-06-30,80258394.0
1081,Depósitos a plazo fijo de personas humanas,Depósitos por tipo de titular,Saldos a fin de mes,M,En miles de ARS,MEyML,1999-12-31,2026-06-30,27207053.0
1082,Depósitos a plazo fijo de personas jurídicas,Depósitos por tipo de titular,Saldos a fin de mes,M,En miles de ARS,MEyML,1999-12-31,2026-06-30,53051341.0
1083,Depósitos a plazo fijo de las prestadoras de servicios financieros,Depósitos por tipo de titular,Saldos a fin de mes,M,En miles de ARS,MEyML,1999-12-31,2026-06-30,35317704.0
1084,Depósitos a plazo fijo de las compañías de seguros,Depósitos por tipo de titular,Saldos a fin de mes,M,En miles de ARS,MEyML,1999-12-31,2026-06-30,367095.0
1085,Depósitos a plazo fijo de los fondos comunes de inversión,Depósitos por tipo de titular,Saldos a fin de mes,M,En miles de ARS,MEyML,1999-12-31,2026-06-30,33687756.0
1086,Depósitos a plazo fijo de las administradoras de fondos de jubilaciones y pensiones,Depósitos por tipo de titular,Saldos a fin de mes,M,En miles de ARS,MEyML,1999-12-31,2026-06-30,0.0
1087,Depósitos a plazo fijo de las sociedades autorizadas para actuar como fiduciario financiero,Depósitos por tipo de titular,Saldos a fin de mes,M,En miles de ARS,MEyML,1999-12-31,2026-06-30,1262853.0
1088,Depósitos a plazo fijo de empresas que no son prestadoras de servicios financieros,Depósitos por tipo de titular,Saldos a fin de mes,M,En miles de ARS,MEyML,1999-12-31,2026-06-30,17733638.0
1089,Depósitos a plazo fijo de pequeños y medianos emprendimientos,Depósitos por tipo de titular,Saldos a fin de mes,M,En miles de ARS,MEyML,1999-12-31,2026-06-30,5535319.0
1090,Depósitos a plazo fijo de las empresas no constituidas como pequeños y medianos emprendimientos,Depósitos por tipo de titular,Saldos a fin de mes,M,En miles de ARS,MEyML,1999-12-31,2026-06-30,12198319.0
1091,Total de depósitos a plazo fijo del sector privado,Depósitos por tipo de titular,Saldos a fin de mes,M,En miles de ARS,ML,1999-12-31,2026-06-30,64252108.0
1092,Depósitos a plazo fijo de personas humanas,Depósitos por tipo de titular,Saldos a fin de mes,M,En miles de ARS,ML,1999-12-31,2026-06-30,20040952.0
1093,Depósitos a plazo fijo de personas jurídicas,Depósitos por tipo de titular,Saldos a fin de mes,M,En miles de ARS,ML,1999-12-31,2026-06-30,44211156.0
1094,Depósitos a plazo fijo de las prestadoras de servicios financieros,Depósitos por tipo de titular,Saldos a fin de mes,M,En miles de ARS,ML,1999-12-31,2026-06-30,30838508.0
1095,Depósitos a plazo fijo de las compañías de seguros,Depósitos por tipo de titular,Saldos a fin de mes,M,En miles de ARS,ML,1999-12-31,2026-06-30,330281.0
1096,Depósitos a plazo fijo de los fondos comunes de inversión,Depósitos por tipo de titular,Saldos a fin de mes,M,En miles de ARS,ML,1999-12-31,2026-06-30,29789376.0
1097,Depósitos a plazo fijo de las administradoras de fondos de jubilaciones y pensiones,Depósitos por tipo de titular,Saldos a fin de mes,M,En miles de ARS,ML,1999-12-31,2026-06-30,0.0
1098,Depósitos a plazo fijo de las sociedades autorizadas para actuar como fiduciario financiero,Depósitos por tipo de titular,Saldos a fin de mes,M,En miles de ARS,ML,1999-12-31,2026-06-30,718851.0
1099,Depósitos a plazo fijo de empresas que no son prestadoras de servicios financieros,Depósitos por tipo de titular,Saldos a fin de mes,M,En miles de ARS,ML,1999-12-31,2026-06-30,13372648.0
1100,Depósitos a plazo fijo de pequeños y medianos emprendimientos,Depósitos por tipo de titular,Saldos a fin de mes,M,En miles de ARS,ML,1999-12-31,2026-06-30,4773890.0
1101,Depósitos a plazo fijo de las empresas no constituidas como pequeños y medianos emprendimientos,Depósitos por tipo de titular,Saldos a fin de mes,M,En miles de ARS,ML,1999-12-31,2026-06-30,8598759.0
1102,Total de depósitos a plazo fijo del sector privado,Depósitos por tipo de titular,Saldos a fin de mes,M,En miles de ARS,ME,1999-12-31,2026-06-30,16006286.0
1103,Depósitos a plazo fijo de personas humanas,Depósitos por tipo de titular,Saldos a fin de mes,M,En miles de ARS,ME,1999-12-31,2026-06-30,7161092.0
1104,Depósitos a plazo fijo de personas jurídicas,Depósitos por tipo de titular,Saldos a fin de mes,M,En miles de ARS,ME,1999-12-31,2026-06-30,8845193.0
1105,Depósitos a plazo fijo de las prestadoras de servicios financieros,Depósitos por tipo de titular,Saldos a fin de mes,M,En miles de ARS,ME,1999-12-31,2026-06-30,4479196.0
1106,Depósitos a plazo fijo de las compañías de seguros,Depósitos por tipo de titular,Saldos a fin de mes,M,En miles de ARS,ME,1999-12-31,2026-06-30,36814.0
1107,Depósitos a plazo fijo de los fondos comunes de inversión,Depósitos por tipo de titular,Saldos a fin de mes,M,En miles de ARS,ME,1999-12-31,2026-06-30,3898380.0
1108,Depósitos a plazo fijo de las administradoras de fondos de jubilaciones y pensiones,Depósitos por tipo de titular,Saldos a fin de mes,M,En miles de ARS,ME,1999-12-31,2026-06-30,0.0
1109,Depósitos a plazo fijo de las sociedades autorizadas para actuar como fiduciario financiero,Depósitos por tipo de titular,Saldos a fin de mes,M,En miles de ARS,ME,1999-12-31,2026-06-30,544001.0
1110,Depósitos a plazo fijo de empresas que no son prestadoras de servicios financieros,Depósitos por tipo de titular,Saldos a fin de mes,M,En miles de ARS,ME,1999-12-31,2026-06-30,4365998.0
1111,Depósitos a plazo fijo de pequeños y medianos emprendimientos,Depósitos por tipo de titular,Saldos a fin de mes,M,En miles de ARS,ME,1999-12-31,2026-06-30,750841.0
1112,Depósitos a plazo fijo de las empresas no constituidas como pequeños y medianos emprendimientos,Depósitos por tipo de titular,Saldos a fin de mes,M,En miles de ARS,ME,1999-12-31,2026-06-30,3615157.0
1113,Préstamos hipotecarios para construcción de viviendas,Préstamos por tipo de titular y destino,Saldos a fin de mes,M,En miles de ARS,MEyML,1999-12-31,2026-06-30,384694.0
1114,Préstamos hipotecarios para refacción de vivienda,Préstamos por tipo de titular y destino,Saldos a fin de mes,M,En miles de ARS,MEyML,1999-12-31,2026-06-30,42329.0
1115,Préstamos hipotecarios para compra de nuevas viviendas,Préstamos por tipo de titular y destino,Saldos a fin de mes,M,En miles de ARS,MEyML,1999-12-31,2026-06-30,3736367.0
1116,Préstamos hipotecarios para compra de viviendas usadas,Préstamos por tipo de titular y destino,Saldos a fin de mes,M,En miles de ARS,MEyML,1999-12-31,2026-06-30,1486813.0
1117,"Préstamos hipotecarios para otras operaciones distinas a construcción, refacción y compra de vivienda",Préstamos por tipo de titular y destino,Saldos a fin de mes,M,En miles de ARS,MEyML,1999-12-31,2026-06-30,3283661.0
1118,Préstamos prendarios para compra de automotores,Préstamos por tipo de titular y destino,Saldos a fin de mes,M,En miles de ARS,MEyML,1999-12-31,2026-06-30,4606537.0
1119,Préstamos prendarios para compra de maquinarias,Préstamos por tipo de titular y destino,Saldos a fin de mes,M,En miles de ARS,MEyML,1999-12-31,2026-06-30,1001483.0
1120,Préstamos prendarios no destinados a la compra de automotores o maquinarias,Préstamos por tipo de titular y destino,Saldos a fin de mes,M,En miles de ARS,MEyML,1999-12-31,2026-06-30,2690401.0
1121,Préstamos hipotecarios para construcción de viviendas,Préstamos por tipo de titular y destino,Saldos a fin de mes,M,En miles de ARS,ML,1999-12-31,2026-06-30,384720.0
1122,Préstamos hipotecarios para refacción de vivienda,Préstamos por tipo de titular y destino,Saldos a fin de mes,M,En miles de ARS,ML,1999-12-31,2026-06-30,42332.0
1123,Préstamos hipotecarios para compra de nuevas viviendas,Préstamos por tipo de titular y destino,Saldos a fin de mes,M,En miles de ARS,ML,1999-12-31,2026-06-30,3736014.0
1124,Préstamos hipotecarios para compra de viviendas usadas,Préstamos por tipo de titular y destino,Saldos a fin de mes,M,En miles de ARS,ML,1999-12-31,2026-06-30,1482135.0
1125,"Préstamos hipotecarios para otras operaciones distinas a construcción, refacción y compra de vivienda",Préstamos por tipo de titular y destino,Saldos a fin de mes,M,En miles de ARS,ML,1999-12-31,2026-06-30,2281052.0
1126,Préstamos prendarios para compra de automotores,Préstamos por tipo de titular y destino,Saldos a fin de mes,M,En miles de ARS,ML,1999-12-31,2026-06-30,4213836.0
1127,Préstamos prendarios para compra de maquinarias,Préstamos por tipo de titular y destino,Saldos a fin de mes,M,En miles de ARS,ML,1999-12-31,2026-06-30,152041.0
1128,Préstamos prendarios no destinados a la compra de automotores o maquinarias,Préstamos por tipo de titular y destino,Saldos a fin de mes,M,En miles de ARS,ML,1999-12-31,2026-06-30,1925184.0
1129,Préstamos hipotecarios para construcción de viviendas,Préstamos por tipo de titular y destino,Saldos a fin de mes,M,En miles de ARS,ME,1999-12-31,2026-06-30,0.0
1130,Préstamos hipotecarios para refacción de vivienda,Préstamos por tipo de titular y destino,Saldos a fin de mes,M,En miles de ARS,ME,1999-12-31,2026-06-30,0.0
1131,Préstamos hipotecarios para compra de nuevas viviendas,Préstamos por tipo de titular y destino,Saldos a fin de mes,M,En miles de ARS,ME,1999-12-31,2026-06-30,605.0
1132,Préstamos hipotecarios para compra de viviendas usadas,Préstamos por tipo de titular y destino,Saldos a fin de mes,M,En miles de ARS,ME,1999-12-31,2026-06-30,4753.0
1133,"Préstamos hipotecarios para otras operaciones distinas a construcción, refacción y compra de vivienda",Préstamos por tipo de titular y destino,Saldos a fin de mes,M,En miles de ARS,ME,1999-12-31,2026-06-30,1002253.0
1134,Préstamos prendarios para compra de automotores,Préstamos por tipo de titular y destino,Saldos a fin de mes,M,En miles de ARS,ME,1999-12-31,2026-06-30,398683.0
1135,Préstamos prendarios para compra de maquinarias,Préstamos por tipo de titular y destino,Saldos a fin de mes,M,En miles de ARS,ME,1999-12-31,2026-06-30,844353.0
1136,Préstamos prendarios no destinados a la compra de automotores o maquinarias,Préstamos por tipo de titular y destino,Saldos a fin de mes,M,En miles de ARS,ME,1999-12-31,2026-06-30,764324.0
1137,Préstamos hipotecarios a personas humanas para construcción de viviendas,Préstamos por tipo de titular y destino,Saldos a fin de mes,M,En miles de ARS,MEyML,1999-12-31,2026-06-30,384694.0
1138,Préstamos hipotecarios a personas humanas para refacción de vivienda,Préstamos por tipo de titular y destino,Saldos a fin de mes,M,En miles de ARS,MEyML,1999-12-31,2026-06-30,42329.0
1139,Préstamos hipotecarios a personas humanas para compra de nuevas viviendas,Préstamos por tipo de titular y destino,Saldos a fin de mes,M,En miles de ARS,MEyML,1999-12-31,2026-06-30,3736367.0
1140,Préstamos hipotecarios a personas humanas para compra de viviendas usadas,Préstamos por tipo de titular y destino,Saldos a fin de mes,M,En miles de ARS,MEyML,1999-12-31,2026-06-30,1486813.0
1141,"Préstamos hipotecarios a personas humanas para otras operaciones distinas a construcción, refacción y compra de vivienda",Préstamos por tipo de titular y destino,Saldos a fin de mes,M,En miles de ARS,MEyML,1999-12-31,2026-06-30,1449598.0
1142,Préstamos prendarios a personas humanas para compra de automotores,Préstamos por tipo de titular y destino,Saldos a fin de mes,M,En miles de ARS,MEyML,1999-12-31,2026-06-30,2896692.0
1143,Préstamos prendarios a personas humanas para compra de maquinarias,Préstamos por tipo de titular y destino,Saldos a fin de mes,M,En miles de ARS,MEyML,1999-12-31,2026-06-30,462566.0
1144,Préstamos prendarios a personas humanas no destinados a la compra de automotores o maquinarias,Préstamos por tipo de titular y destino,Saldos a fin de mes,M,En miles de ARS,MEyML,1999-12-31,2026-06-30,1140312.0
1145,Préstamos hipotecarios a personas humanas para construcción de viviendas,Préstamos por tipo de titular y destino,Saldos a fin de mes,M,En miles de ARS,ML,1999-12-31,2026-06-30,384720.0
1146,Préstamos hipotecarios a personas humanas para refacción de vivienda,Préstamos por tipo de titular y destino,Saldos a fin de mes,M,En miles de ARS,ML,1999-12-31,2026-06-30,42332.0
1147,Préstamos hipotecarios a personas humanas para compra de nuevas viviendas,Préstamos por tipo de titular y destino,Saldos a fin de mes,M,En miles de ARS,ML,1999-12-31,2026-06-30,3736014.0
1148,Préstamos hipotecarios a personas humanas para compra de viviendas usadas,Préstamos por tipo de titular y destino,Saldos a fin de mes,M,En miles de ARS,ML,1999-12-31,2026-06-30,1482135.0
1149,"Préstamos hipotecarios a personas humanas para otras operaciones distinas a construcción, refacción y compra de vivienda",Préstamos por tipo de titular y destino,Saldos a fin de mes,M,En miles de ARS,ML,1999-12-31,2026-06-30,1298215.0
1150,Préstamos prendarios a personas humanas a para compra de automotores a,Préstamos por tipo de titular y destino,Saldos a fin de mes,M,En miles de ARS,ML,1999-12-31,2026-06-30,2720336.0
1151,Préstamos prendarios a personas humanas a para compra de maquinarias a,Préstamos por tipo de titular y destino,Saldos a fin de mes,M,En miles de ARS,ML,1999-12-31,2026-06-30,37842.0
1152,Préstamos prendarios a personas humanas a no destinados a la compra de automotores o maquinarias a,Préstamos por tipo de titular y destino,Saldos a fin de mes,M,En miles de ARS,ML,1999-12-31,2026-06-30,821799.0
1153,Préstamos hipotecarios a personas humanas para construcción de viviendas a,Préstamos por tipo de titular y destino,Saldos a fin de mes,M,En miles de ARS,ME,1999-12-31,2026-06-30,0.0
1154,Préstamos hipotecarios a personas humanas para refacción de vivienda a,Préstamos por tipo de titular y destino,Saldos a fin de mes,M,En miles de ARS,ME,1999-12-31,2026-06-30,0.0
1155,Préstamos hipotecarios a personas humanas para compra de nuevas viviendas a,Préstamos por tipo de titular y destino,Saldos a fin de mes,M,En miles de ARS,ME,1999-12-31,2026-06-30,605.0
1156,Préstamos hipotecarios a personas humanas para compra de viviendas usadas a,Préstamos por tipo de titular y destino,Saldos a fin de mes,M,En miles de ARS,ME,1999-12-31,2026-06-30,4753.0
1157,"Préstamos hipotecarios a personas humanas a para otras operaciones distinas a construcción, refacción y compra de vivienda",Préstamos por tipo de titular y destino,Saldos a fin de mes,M,En miles de ARS,ME,1999-12-31,2026-06-30,151027.0
1158,Préstamos prendarios a personas humanas a para compra de automotores a,Préstamos por tipo de titular y destino,Saldos a fin de mes,M,En miles de ARS,ME,1999-12-31,2026-06-30,180612.0
1159,Préstamos prendarios a personas humanas a para compra de maquinarias a,Préstamos por tipo de titular y destino,Saldos a fin de mes,M,En miles de ARS,ME,1999-12-31,2026-06-30,421347.0
1160,Préstamos prendarios a personas humanas no destinados a la compra de automotores o maquinarias,Préstamos por tipo de titular y destino,Saldos a fin de mes,M,En miles de ARS,ME,1999-12-31,2026-06-30,317640.0
1161,Préstamos hipotecarios a personas jurídicas para construcción de viviendas,Préstamos por tipo de titular y destino,Saldos a fin de mes,M,En miles de ARS,MEyML,1999-12-31,2026-06-30,0.0
1162,Préstamos hipotecarios a personas jurídicas para refacción de vivienda,Préstamos por tipo de titular y destino,Saldos a fin de mes,M,En miles de ARS,MEyML,1999-12-31,2026-06-30,0.0
1163,Préstamos hipotecarios a personas jurídicas para compra de nuevas viviendas,Préstamos por tipo de titular y destino,Saldos a fin de mes,M,En miles de ARS,MEyML,1999-12-31,2026-06-30,0.0
1164,Préstamos hipotecarios a personas jurídicas para compra de viviendas usadas,Préstamos por tipo de titular y destino,Saldos a fin de mes,M,En miles de ARS,MEyML,1999-12-31,2026-06-30,0.0
1165,"Préstamos hipotecarios a personas jurídicas para otras operaciones distinas a construcción, refacción y compra de vivienda",Préstamos por tipo de titular y destino,Saldos a fin de mes,M,En miles de ARS,MEyML,1999-12-31,2026-06-30,1834063.0
1166,Préstamos prendarios a personas jurídicas para compra de automotores,Préstamos por tipo de titular y destino,Saldos a fin de mes,M,En miles de ARS,MEyML,1999-12-31,2026-06-30,1709845.0
1167,Préstamos prendarios a personas jurídicas para compra de maquinarias,Préstamos por tipo de titular y destino,Saldos a fin de mes,M,En miles de ARS,MEyML,1999-12-31,2026-06-30,538916.0
1168,Préstamos prendarios a personas jurídicas no destinados a la compra de automotores o maquinarias,Préstamos por tipo de titular y destino,Saldos a fin de mes,M,En miles de ARS,MEyML,1999-12-31,2026-06-30,1550089.0
1169,Préstamos hipotecarios a personas jurídicas para construcción de viviendas,Préstamos por tipo de titular y destino,Saldos a fin de mes,M,En miles de ARS,ML,1999-12-31,2026-06-30,0.0
1170,Préstamos hipotecarios a personas jurídicas para refacción de vivienda,Préstamos por tipo de titular y destino,Saldos a fin de mes,M,En miles de ARS,ML,1999-12-31,2026-06-30,0.0
1171,Préstamos hipotecarios a personas jurídicas para compra de nuevas viviendas,Préstamos por tipo de titular y destino,Saldos a fin de mes,M,En miles de ARS,ML,1999-12-31,2026-06-30,0.0
1172,Préstamos hipotecarios a personas jurídicas para compra de viviendas usadas,Préstamos por tipo de titular y destino,Saldos a fin de mes,M,En miles de ARS,ML,1999-12-31,2026-06-30,0.0
1173,"Préstamos hipotecarios a personas jurídicas para otras operaciones distinas a construcción, refacción y compra de vivienda",Préstamos por tipo de titular y destino,Saldos a fin de mes,M,En miles de ARS,ML,1999-12-31,2026-06-30,982838.0
1174,Préstamos prendarios a personas jurídicas para compra de automotores,Préstamos por tipo de titular y destino,Saldos a fin de mes,M,En miles de ARS,ML,1999-12-31,2026-06-30,1493500.0
1175,Préstamos prendarios a personas jurídicas para compra de maquinarias,Préstamos por tipo de titular y destino,Saldos a fin de mes,M,En miles de ARS,ML,1999-12-31,2026-06-30,114199.0
1176,Préstamos prendarios a personas jurídicas no destinados a la compra de automotores o maquinarias,Préstamos por tipo de titular y destino,Saldos a fin de mes,M,En miles de ARS,ML,1999-12-31,2026-06-30,1103385.0
1177,Préstamos hipotecarios a personas jurídicas para construcción de viviendas,Préstamos por tipo de titular y destino,Saldos a fin de mes,M,En miles de ARS,ME,1999-12-31,2026-06-30,0.0
1178,Préstamos hipotecarios a personas jurídicas para refacción de vivienda,Préstamos por tipo de titular y destino,Saldos a fin de mes,M,En miles de ARS,ME,1999-12-31,2026-06-30,0.0
1179,Préstamos hipotecarios a personas jurídicas para compra de nuevas viviendas,Préstamos por tipo de titular y destino,Saldos a fin de mes,M,En miles de ARS,ME,1999-12-31,2026-06-30,0.0
1180,Préstamos hipotecarios a personas jurídicas para compra de viviendas usadas,Préstamos por tipo de titular y destino,Saldos a fin de mes,M,En miles de ARS,ME,1999-12-31,2026-06-30,0.0
1181,"Préstamos hipotecarios a personas jurídicas para otras operaciones distinas a construcción, refacción y compra de vivienda",Préstamos por tipo de titular y destino,Saldos a fin de mes,M,En miles de ARS,ME,1999-12-31,2026-06-30,851227.0
1182,Préstamos prendarios a personas jurídicas para compra de automotores,Préstamos por tipo de titular y destino,Saldos a fin de mes,M,En miles de ARS,ME,1999-12-31,2026-06-30,218071.0
1183,Préstamos prendarios a personas jurídicas para compra de maquinarias,Préstamos por tipo de titular y destino,Saldos a fin de mes,M,En miles de ARS,ME,1999-12-31,2026-06-30,423006.0
1184,Préstamos prendarios a personas jurídicas no destinados a la compra de automotores o maquinarias,Préstamos por tipo de titular y destino,Saldos a fin de mes,M,En miles de ARS,ME,1999-12-31,2026-06-30,446684.0
1185,Total de préstamos al sector privado no financiero,Préstamos por tipo de titular y destino,Saldos a fin de mes,M,En miles de ARS,ME,1999-12-31,2026-06-30,138744680.0
1186,Total de préstamos a personas humanas,Préstamos por tipo de titular y destino,Saldos a fin de mes,M,En miles de ARS,ME,1999-12-31,2026-06-30,65403148.0
1187,Régimen de bandas cambiarias. Límite inferior,Principales Variables,Tipo de cambio,D,Pesos argentinos por dólar estadounidense,ML,2025-04-14,2026-09-04,737.72
1188,Régimen de bandas cambiarias. Límite superior,Principales Variables,Tipo de cambio,D,Pesos argentinos por dólar estadounidense,ML,2025-04-14,2026-09-04,1885.14
1189,Tasa de interés de depósitos a plazo fijo en pesos,Series.xlsm,Tasa de interés,D,En porcentaje nominal anual,ML,2003-01-02,2026-09-03,23.11
1190,Tasa de interés de depósitos a plazo fijo en pesos de personas humanas,Series.xlsm,Tasa de interés,D,En porcentaje nominal anual,ML,2010-01-04,2026-09-03,19.97
1191,Tasa de interés de depósitos a plazo fijo en pesos de prestadores de servicios financieros,Series.xlsm,Tasa de interés,D,En porcentaje efectivo anual,ML,2010-01-04,2026-09-03,24.36
1192,Tasa de interés de depósitos a plazo fijo en pesos de otras personas jurídicas,Series.xlsm,Tasa de interés,D,En porcentaje nominal anual,ML,2010-01-04,2026-09-03,23.52
1193,Tasa de interés de depósitos a plazo fijo en dólares,Series.xlsm,Tasa de interés,D,En porcentaje nominal anual,ME,2003-01-02,2026-09-03,1.33
1194,Tasa de interés de depósitos a plazo fijo en dólares de personas humanas,Series.xlsm,Tasa de interés,D,En porcentaje nominal anual,ME,2010-01-04,2026-09-03,1.39
1195,Tasa de interés de depósitos a plazo fijo en dólares de personas jurídicas,Series.xlsm,Tasa de interés,D,En porcentaje nominal anual,ME,2010-01-04,2026-09-03,1.24
1196,Tasa de interés de depósitos a la vista remunerados en pesos de prestadores de servicios financieros,Series.xlsm,Tasa de interés,D,En porcentaje nominal anual,ML,2018-01-02,2026-09-03,13.34
1197,"Tasa de Intereses Moratorios (TIM)  CCC, art. 768(c)",Principales Variables,Tasa de interés,D,En porcentaje,ML,1993-06-03,2026-09-06,164883.6463
1198,"Tasa pasiva Ley 27.802, art. 55(a)",Principales Variables,Tasa de interés,D,En porcentaje,ML,1993-06-03,2026-09-06,94496.4404
1199,Tasa de interés de adelantos en cuenta corriente a tasa fija ,Informe Monetario Diario,Tasa de interés,M,En porcentaje nominal anual,ML,1990-01-31,2026-07-31,39.19
1200,Efectivo en moneda extranjera en entidades financieras ,Informe Monetario Diario,Saldos,D,En millones de USD,ME,1996-01-02,2026-09-02,3948.0
1201,Líneas del exterior comerciales (obligaciones de las entidades financieras con entidades del exterior),Informe Monetario Diario,Saldos,D,En millones de USD,ME,2001-01-02,2026-09-02,2028.0
1202,Líneas del exterior financieras (obligaciones de las entidades financieras con entidades del exterior),Informe Monetario Diario,Saldos,D,En millones de USD,ME,2001-01-02,2026-09-02,670.0
1203,Tasas de interés de depósitos en cajas de ahorro,Tasas de interés de depósitos,Tasa de interés,D,En porcentaje nominal anual,ML,1990-01-05,2026-09-03,4.39
1204,Tasa de interés del total de depósitos a plazo fijo,Tasas de interés de depósitos,Tasa de interés,D,En porcentaje nominal anual,ML,1993-04-01,2026-09-03,23.11
1205,Tasa de interés de depósitos a plazo fijo de 7 a 59 días,Tasas de interés de depósitos,Tasa de interés,D,En porcentaje nominal anual,ML,1993-04-01,2026-09-03,23.11
1207,Tasa de interés de depósitos a plazo fijo de 30 días,Tasas de interés de depósitos,Tasa de interés,D,En porcentaje nominal anual,ML,1985-08-26,2026-09-03,21.82
1208,Tasa de interés de depósitos a plazo fijo de 60 días o más,Tasas de interés de depósitos,Tasa de interés,D,En porcentaje nominal anual,ML,1993-04-01,2026-09-03,23.01
1209,Tasas de interés de depósitos en cajas de ahorro,Tasas de interés de depósitos,Tasa de interés,D,En porcentaje nominal anual,ME,1994-01-03,2026-09-03,0.23
1210,Tasa de interés del total de depósitos a plazo fijo,Tasas de interés de depósitos,Tasa de interés,D,En porcentaje nominal anual,ME,1994-01-03,2026-09-03,1.33
1211,Tasa de interés de depósitos a plazo fijo de 7 a 59 días,Tasas de interés de depósitos,Tasa de interés,D,En porcentaje nominal anual,ME,1994-01-03,2026-09-03,1.19
1213,Tasa de interés de depósitos a plazo fijo de 30 días,Tasas de interés de depósitos,Tasa de interés,D,En porcentaje nominal anual,ME,1994-08-01,2026-09-03,1.17
1214,Tasa de interés de depósitos a plazo fijo de 60 días o más,Tasas de interés de depósitos,Tasa de interés,D,En porcentaje nominal anual,ME,1994-01-03,2026-09-03,1.59
1215,Tasa de interés de financiaciones con tarjetas de crédito,Informe Monetario Diario,Tasa de interés,M,En porcentaje nominal anual,ML,2002-01-31,2026-08-31,79.11
1216,Tasa de interés de documentos a sola firma a tasa fija ,Informe Monetario Diario,Tasa de interés,M,En porcentaje nominal anual,ML,1993-06-30,2026-08-31,31.07
1217,Tasa de interés de préstamos hipotecarios a tasa fija ,Informe Monetario Diario,Tasa de interés,M,En porcentaje nominal anual,ML,1993-06-30,2026-08-31,32.12
1218,Tasa de interés de préstamos prendarios a tasa fija ,Informe Monetario Diario,Tasa de interés,M,En porcentaje nominal anual,ML,1993-06-30,2026-08-31,17.61
1219,Tasa de interés de préstamos personales a tasa fija ,Informe Monetario Diario,Tasa de interés,M,En porcentaje nominal anual,ML,2002-01-31,2026-08-31,65.77
1220,Tasa de interés de financiaciones con tarjetas de crédito con tasa distinta de cero,Informe Monetario Diario,Tasa de interés,M,En porcentaje nominal anual,ML,2010-07-31,2026-08-31,79.11
1221,Liquidez en pesos de las entidades financieras,Informe Monetario Diario,Cociente,D,Porcentaje de depósitos,ML,2017-07-03,2026-09-02,47.23
1222,Cheques Cancelatorios en moneda extranjera y Certificados de Depósitos para la Inversión (CEDIN),Informe Monetario Diario,Saldos,D,En millones de USD,ME,2018-01-02,2026-09-02,16.0
1223,LEGAR y LEMIN ,Informe Monetario Diario,Saldos,D,En millones de ARS,ML,2021-02-08,2026-09-03,254597.9712
1224,Créditos del BCRA al sistema financiero,Informe Monetario Diario,Saldos,D,En millones de ARS,ML,2011-11-11,2026-09-03,236304.434
1225,Adelantos transitorios del BCRA al Gobierno Nacional,Informe Monetario Diario,Saldos,D,En millones de ARS,ML,2003-01-02,2026-09-03,4091100.3704
1226,Reservas Internacionales expresadas en pesos,Informe Monetario Diario,Saldos,D,En millones de ARS,ML,2003-01-02,2026-09-03,76601082.4339
1227,Tasa de interes de depósitos a plazo fijo UVA,Informe Monetario Diario,Tasa de interés,D,En porcentaje nominal anual,ML,2016-06-23,2026-09-03,0.17
1228,Liquidez de las entidades financieras en pesos y en moneda extranjera,Informe Monetario Diario,Cociente,D,Porcentaje de depósitos,MEyML,2004-12-31,2026-05-07,47.7
1229,Depósitos del sector público,Informe Monetario Diario,Saldos,D,En millones de ARS,ML,2003-01-02,2026-05-07,27011173.0
1230,Depósitos a la vista del sector público (cuentas corrientes y cajas de ahorro),Informe Monetario Diario,Saldos,D,En millones de ARS,ML,2003-01-02,2026-05-07,9434436.0
1231,Depósitos a plazo del sector público (a plazo fijo e inversiones),Informe Monetario Diario,Saldos,D,En millones de ARS,ML,2003-01-02,2026-05-07,16757781.0
1232,M1  (billetes y monedas en poder del público+cheques cancelatorios en pesos+ cuentas corrientes del s. priv. s. púb. en pesos),Informe Monetario Diario,Saldos,D,En millones de ARS,ML,2003-01-02,2026-05-07,51264337.3629
1233,M2 (M1 + cajas de ahorro del s. privado y del s. público en pesos),Informe Monetario Diario,Saldos,D,En millones de ARS,ML,2003-01-02,2026-05-07,82592867.3629
1234,M3 (M2 + depósitos a plazo y otros depósitos del s. privado y s. público en pesos),Informe Monetario Diario,Saldos,D,En millones de ARS,ML,2003-01-02,2026-05-07,167253222.3629
1235,Préstamos otorgados al sector privado mediante adelantos y documentos,Informe Monetario Diario,Saldos,D,En millones de ARS,MEyML,2003-01-02,2026-05-07,55624754.12
1236,Préstamos personales y mediante tarjetas de crédito,Informe Monetario Diario,Saldos,D,En millones de ARS,MEyML,2003-01-02,2026-05-07,44889752.987
1237,Préstamos hipotecarios y prendarios otorgados al sector privado,Informe Monetario Diario,Saldos,D,En millones de ARS,MEyML,2003-01-02,2026-05-07,16200064.998
1238,Otros préstamos otorgados al sector privado,Informe Monetario Diario,Saldos,D,En millones de ARS,MEyML,2003-01-02,2026-05-07,10799957.613
1239,M2 Privado (billetes y monedas en poder del público+ cheques cancelatorios en pesos+cuentas corrientes y cajas de ahorros en pesos del sector privado),Informe Monetario Diario,Saldos,D,En millones de ARS,ML,2017-01-02,2026-05-22,68768005.0
1240,Tasa de interés de préstamos hipotecarios de UVA,Informe Monetario Diario,Tasa de interés,M,En porcentaje nominal anual,ML,2016-05-31,2026-08-31,6.91
1241,Depósitos a la vista del sector privado (cuentas corrientes y cajas de ahorro),Informe Monetario Diario,Saldos,D,En millones de ARS,ML,2003-01-02,2026-05-07,49862244.0
1242,Depósitos a plazo del sector privado (a plazo fijo e inversiones),Informe Monetario Diario,Saldos,D,En millones de ARS,ML,2003-01-02,2026-05-07,65136839.0
1243,Cuentas corrientes en moneda extranjera en el BCRA,Informe Monetario Diario,Saldos,D,En millones de USD,ME,2003-01-02,2026-09-02,15995.3182
1244,Reservas internacionales,Activos y pasivos del BCRA,Saldos,D,En millones de USD,ME,1996-01-03,2026-09-02,50492.0
1245,"Oro, divisas, colocaciones a plazo y otros activos incluidos en las reservas internacionales",Activos y pasivos del BCRA,Saldos,D,En millones de USD,ME,1996-01-02,2026-09-02,50492.0
1246,Integración de requisitos de liquidez en corresponsales del exterior,Activos y pasivos del BCRA,Saldos,D,En millones de USD,ME,1996-01-02,2002-02-28,12.0
1247,Pasivos monetarios (base monetaria + depósitos y otros pasivos monetarios en moneda extranjera),Activos y pasivos del BCRA,Saldos,D,En millones de ARS,ME,1996-01-02,2026-09-02,70550674.0
1248,Base monetaria,Activos y pasivos del BCRA,Saldos,D,En millones de ARS,ML,1996-01-02,2026-09-02,46347290.0
1249,Circulación monetaria,Activos y pasivos del BCRA,Saldos,D,En millones de ARS,ML,1996-01-02,2026-09-02,28631191.0
1250,Cuenta corriente en pesos en el BCRA,Activos y pasivos del BCRA,Saldos,D,En millones de ARS,ML,2001-06-01,2026-09-02,17716099.0
1251,Cuenta corriente en pesos en el BCRA de fondos para el pago de órdenes de pago previsional,Activos y pasivos del BCRA,Saldos,D,En millones de ARS,ML,2001-06-01,2026-09-02,0.0
1252,Cuenta corriente en pesos en el BCRA de fondos no utilizados para el pago de órdenes de pago previsional,Activos y pasivos del BCRA,Saldos,D,En millones de ARS,ML,2001-06-01,2026-09-02,17716099.0
1253,Fondo de liquidez bancaria en pesos,Activos y pasivos del BCRA,Saldos,D,En millones de ARS,ML,2001-12-28,2026-09-02,0.0
1254,Depósitos y otros pasivos monetarios en moneda extranjera en el BCRA,Activos y pasivos del BCRA,Saldos,D,En millones de ARS,ME,1996-01-02,2026-09-02,24203384.0
1255,Fondo de liquidez bancaria en moneda extranjera,Activos y pasivos del BCRA,Saldos,D,En millones de ARS,ME,2001-12-28,2026-09-02,0.0
1256,Cuenta corriente en moneda extranjera en el BCRA,Activos y pasivos del BCRA,Saldos,D,En millones de ARS,ME,1996-01-02,2026-09-02,24179013.0
1257,Cedin y cheques cancelatorios en moneda extranjera,Activos y pasivos del BCRA,Saldos,D,En millones de ARS,ME,2010-11-23,2026-09-02,24371.0
1258,"Lebac, nobac y otras letras emitidas por el BCRA en pesos (no incluye leliq ni notaliq)",Activos y pasivos del BCRA,Saldos,D,En millones de ARS,ML,2002-03-15,2026-09-02,258892.0
1259,"Lebac, nobac y otras letras emitidas por el BCRA en moneda extranjera",Activos y pasivos del BCRA,Saldos,D,En millones de ARS,ME,2002-03-15,2026-09-02,7391400.0
1260,Leliq y notaliq,Activos y pasivos del BCRA,Saldos,D,En millones de ARS,ML,2018-01-02,2026-09-02,0.0
1261,Posición neta de pases (pasivos - activos),Activos y pasivos del BCRA,Saldos,D,En millones de ARS,ML,1996-01-02,2026-09-02,0.0
1262,Posición de pases pasivos,Activos y pasivos del BCRA,Saldos,D,En millones de ARS,ML,1996-01-02,2026-09-02,0.0
1263,Posición de pases activos,Activos y pasivos del BCRA,Saldos,D,En millones de ARS,ML,1996-01-02,2026-09-02,0.0
1264,Depósitos del gobierno en el BCRA,Activos y pasivos del BCRA,Saldos,D,En millones de ARS,ML,1996-01-02,2026-09-02,11910482.0
1265,Depósitos del gobierno en el BCRA en pesos,Activos y pasivos del BCRA,Saldos,D,En millones de ARS,ML,2024-01-02,2026-09-02,7779669.0
1266,Depósitos del gobierno en el BCRA en moneda extranjera,Activos y pasivos del BCRA,Saldos,D,En millones de ARS,ME,2024-01-02,2026-09-02,4130813.0
1267,Redescuentos y adelantos por iliquidez otorgados al sistema financiero,Activos y pasivos del BCRA,Saldos,D,En millones de ARS,ML,2002-01-02,2026-09-02,0.0
1268,Adelantos transitorios del BCRA al gobierno nacional,Activos y pasivos del BCRA,Saldos,D,En millones de ARS,ML,2003-01-02,2026-09-03,4091100.3704
1269,Monto acumulado del rescate de cuasimonedas,Activos y pasivos del BCRA,Monto,D,En millones de ARS,ML,2003-01-02,2005-12-31,7209.0
1270,Asignaciones de DEGS 2009,Activos y pasivos del BCRA,Saldos,D,En millones de USD,ME,2009-08-28,2009-12-31,0.0
1271,Efectivo en entidades financieras,Préstamos por línea,Saldos,D,En millones de ARS,ML,1984-03-01,2026-09-02,2137168000.0
1272,Depósitos de las entidades financieras en entidades financieras,Préstamos por línea,Saldos,D,En millones de ARS,ML,1999-12-30,2026-09-02,17542174.0
1273,Títulos valores en cartera de las entidades financieras,Préstamos por línea,Saldos,D,En millones de ARS,ML,1999-12-30,2026-09-02,102603046.0
1274,Certificados de participación en fideicomisos financieros,Préstamos por línea,Saldos,D,En millones de ARS,ML,1999-12-30,2026-09-02,1134608.0
1275,Total de préstamos otorgados al total de sectores,Préstamos por línea,Saldos,D,En millones de ARS,ML,1999-12-30,2026-09-02,111632211.0
1276,Total de préstamos de efectivo otorgados al total de sectores,Préstamos por línea,Saldos,D,En millones de ARS,ML,1996-04-01,2026-09-02,111078605.0
1277,Adelantos en cuenta corriente otorgados al total de sectores,Préstamos por línea,Saldos,D,En millones de ARS,ML,1999-12-30,2026-09-02,10701705.0
1278,Otros adelantos otorgados al total de sectores,Préstamos por línea,Saldos,D,En millones de ARS,ML,1999-12-30,2026-09-02,771030.0
1279,Documentos a sola firma otorgados al total de sectores,Préstamos por línea,Saldos,D,En millones de ARS,ML,1999-12-30,2026-09-02,17322060.0
1280,Descuento de documentos al total de sectores,Préstamos por línea,Saldos,D,En millones de ARS,ML,1999-12-30,2026-09-02,7771304.0
1281,Documentos comprados otorgados al total de sectores,Préstamos por línea,Saldos,D,En millones de ARS,ML,1999-12-30,2026-09-02,2591852.0
1282,Préstamos hipotecarios otorgados al total de sectores,Préstamos por línea,Saldos,D,En millones de ARS,ML,1999-12-30,2026-09-02,8675956.0
1283,Préstamos prendarios otorgados al total de sectores,Préstamos por línea,Saldos,D,En millones de ARS,ML,1999-12-30,2026-09-02,6487782.0
1284,Préstamos personales otorgados al total de sectores,Préstamos por línea,Saldos,D,En millones de ARS,ML,1999-12-30,2026-09-02,21753253.0
1285,Financiaciones mediante tarjetas de crédito al total de sectores,Préstamos por línea,Saldos,D,En millones de ARS,ML,1999-12-30,2026-09-02,24691053.0
1286,Créditos documentarios otorgados al total de sectores,Préstamos por línea,Saldos,D,En millones de ARS,ML,1999-12-30,2026-09-02,233.0
1287,"Otros préstamos otorgados al total de sectores (excluye adelantos, documentos, personales, hipotecarios, prendarios y tarjetas de crédito)",Préstamos por línea,Saldos,D,En millones de ARS,ML,1999-12-30,2026-09-02,10312375.0
1288,Préstamos de títulos valores públicos del país al total de sectores,Préstamos por línea,Saldos,D,En millones de ARS,ML,1999-12-30,2026-09-02,548607.0
1289,Préstamos de títulos privados al total de sectores,Préstamos por línea,Saldos,D,En millones de ARS,ML,1999-12-30,2026-09-02,0.0
1290,Préstamos de otros activos financieros (excluye préstamos de efectivo y de titulos valores) al total de sectores,Préstamos por línea,Saldos,D,En millones de ARS,ML,1999-12-30,2026-09-02,5000.0
1291,Intereses documentados del total de sectores,Préstamos por línea,Saldos,D,En millones de ARS,ML,1999-12-30,2026-09-02,915912.0
1292,Efectivo en entidades financieras,Préstamos por línea,Saldos,D,En millones de USD,ME,1996-01-02,2026-09-02,3948.0
1293,Depósitos de las entidades financieras en entidades financieras,Préstamos por línea,Saldos,D,En millones de USD,ME,1999-12-30,2026-09-02,15933.0
1294,Títulos valores en cartera de las entidades financieras,Préstamos por línea,Saldos,D,En millones de USD,ME,1999-12-30,2026-09-02,6353.0
1295,Certificados de participación en fideicomisos financieros,Préstamos por línea,Saldos,D,En millones de USD,ME,1999-12-30,2026-09-02,32.0
1296,Total de préstamos otorgados al total de sectores,Préstamos por línea,Saldos,D,En millones de USD,ME,1999-12-30,2026-09-02,25349.0
1297,Total de préstamos de efectivo otorgados al total de sectores,Préstamos por línea,Saldos,D,En millones de USD,ME,1996-04-01,2026-09-02,25309.0
1298,Adelantos en cuenta corriente otorgados al total de sectores,Préstamos por línea,Saldos,D,En millones de USD,ME,1999-12-30,2026-09-02,0.0
1299,Otros adelantos otorgados al total de sectores,Préstamos por línea,Saldos,D,En millones de USD,ME,1999-12-30,2026-09-02,240.0
1300,Documentos a sola firma otorgados al total de sectores,Préstamos por línea,Saldos,D,En millones de USD,ME,1999-12-30,2026-09-02,18739.0
1301,Descuento de documentos al total de sectores,Préstamos por línea,Saldos,D,En millones de USD,ME,1999-12-30,2026-09-02,1.0
1302,Documentos comprados otorgados al total de sectores,Préstamos por línea,Saldos,D,En millones de USD,ME,1999-12-30,2026-09-02,21.0
1303,Préstamos hipotecarios otorgados al total de sectores,Préstamos por línea,Saldos,D,En millones de USD,ME,1999-12-30,2026-09-02,750.0
1304,Préstamos prendarios otorgados al total de sectores,Préstamos por línea,Saldos,D,En millones de USD,ME,1999-12-30,2026-09-02,1405.0
1305,Préstamos personales otorgados al total de sectores,Préstamos por línea,Saldos,D,En millones de USD,ME,1999-12-30,2026-09-02,4.0
1306,Financiaciones mediante tarjetas de crédito al total de sectores,Préstamos por línea,Saldos,D,En millones de USD,ME,1999-12-30,2026-09-02,604.0
1307,Créditos documentarios otorgados al total de sectores,Préstamos por línea,Saldos,D,En millones de USD,ME,1999-12-30,2026-09-02,52.0
1308,"Otros préstamos otorgados al total de sectores (excluye adelantos, documentos, personales, hipotecarios, prendarios y tarjetas de crédito)",Préstamos por línea,Saldos,D,En millones de USD,ME,1999-12-30,2026-09-02,3495.0
1309,Préstamos de títulos valores públicos del país al total de sectores,Préstamos por línea,Saldos,D,En millones de USD,ME,1999-12-30,2026-09-02,40.0
1310,Préstamos de títulos privados al total de sectores,Préstamos por línea,Saldos,D,En millones de USD,ME,1999-12-30,2026-09-02,0.0
1311,Préstamos de otros activos financieros (excluye préstamos de efectivo y de titulos valores) al total de sectores,Préstamos por línea,Saldos,D,En millones de USD,ME,1999-12-30,2026-09-02,0.0
1312,Intereses documentados del total de sectores,Préstamos por línea,Saldos,D,En millones de USD,ME,1999-12-30,2026-09-02,4.0
1313,Total de préstamos otorgados al sector público,Préstamos por línea,Saldos,D,En millones de ARS,ML,1999-12-30,2026-09-02,1184813.0
1314,Total de préstamos totales de efectivo otorgados al sector público,Préstamos por línea,Saldos,D,En millones de ARS,ML,1996-04-01,2026-09-02,1184813.0
1315,Adelantos en cuenta corriente otorgados al sector público,Préstamos por línea,Saldos,D,En millones de ARS,ML,1999-12-30,2026-09-02,400147.0
1316,Otros adelantos otorgados al sector público,Préstamos por línea,Saldos,D,En millones de ARS,ML,1999-12-30,2026-09-02,57572.0
1317,Documentos a sola firma otorgados al sector público,Préstamos por línea,Saldos,D,En millones de ARS,ML,1999-12-30,2026-09-02,60497.0
1318,Descuento de documentos al sector público,Préstamos por línea,Saldos,D,En millones de ARS,ML,1999-12-30,2026-09-02,29234.0
1319,Documentos comprados otorgados al sector público,Préstamos por línea,Saldos,D,En millones de ARS,ML,1999-12-30,2026-09-02,6115.0
1320,Préstamos hipotecarios otorgados al sector público,Préstamos por línea,Saldos,D,En millones de ARS,ML,1999-12-30,2026-09-02,0.0
1321,Préstamos prendarios otorgados al sector público,Préstamos por línea,Saldos,D,En millones de ARS,ML,1999-12-30,2026-09-02,27590.0
1322,Préstamos personales otorgados al sector público,Préstamos por línea,Saldos,D,En millones de ARS,ML,1999-12-30,2026-09-02,0.0
1323,Financiaciones mediante tarjetas de crédito al sector público,Préstamos por línea,Saldos,D,En millones de ARS,ML,1999-12-30,2026-09-02,13893.0
1324,Créditos documentarios otorgados al sector público,Préstamos por línea,Saldos,D,En millones de ARS,ML,1999-12-30,2026-09-02,0.0
1325,"Otros préstamos que no son adelandos, documentos, personales, hipotecarios y por el uso de tarjeras de crédito otorgados al sector público",Préstamos por línea,Saldos,D,En millones de ARS,ML,1999-12-30,2026-09-02,589765.0
1326,Intereses documentados de préstamos al sector público,Préstamos por línea,Saldos,D,En millones de ARS,ML,1999-12-30,2026-09-02,126.0
1327,Total de préstamos otorgados al sector público,Préstamos por línea,Saldos,D,En millones de USD,ME,1999-12-30,2026-09-02,98.0
1328,Total de préstamos de efectivo otorgados al sector público,Préstamos por línea,Saldos,D,En millones de USD,ME,1996-04-01,2026-09-02,98.0
1329,Adelantos en cuenta corriente otorgados al sector público,Préstamos por línea,Saldos,D,En millones de USD,ME,1999-12-30,2026-09-02,0.0
1330,Otros adelantos otorgados al sector público,Préstamos por línea,Saldos,D,En millones de USD,ME,1999-12-30,2026-09-02,0.0
1331,Documentos a sola firma otorgados al sector público,Préstamos por línea,Saldos,D,En millones de USD,ME,1999-12-30,2026-09-02,0.0
1332,Descuento de documentos al sector público,Préstamos por línea,Saldos,D,En millones de USD,ME,1999-12-30,2026-09-02,0.0
1333,Documentos comprados otorgados al sector público,Préstamos por línea,Saldos,D,En millones de USD,ME,1999-12-30,2026-09-02,0.0
1334,Préstamos hipotecarios otorgados al sector público,Préstamos por línea,Saldos,D,En millones de USD,ME,1999-12-30,2026-09-02,0.0
1335,Préstamos prendarios otorgados al sector público,Préstamos por línea,Saldos,D,En millones de USD,ME,1999-12-30,2026-09-02,0.0
1336,Préstamos personales otorgados al sector público,Préstamos por línea,Saldos,D,En millones de USD,ME,1999-12-30,2026-09-02,0.0
1337,Financiaciones mediante tarjetas de crédito al sector público,Préstamos por línea,Saldos,D,En millones de USD,ME,1999-12-30,2026-09-02,0.0
1338,Créditos documentarios otorgados al sector público,Préstamos por línea,Saldos,D,En millones de USD,ME,1999-12-30,2026-09-02,0.0
1339,"Otros préstamos otorgados al sector público (excluye adelantos, documentos, personales, hipotecarios, prendarios y tarjetas de crédito)",Préstamos por línea,Saldos,D,En millones de USD,ME,1999-12-30,2026-09-02,98.0
1340,Intereses documentados de préstamos al sector público,Préstamos por línea,Saldos,D,En millones de USD,ME,1999-12-30,2026-09-02,0.0
1341,Total de préstamos otorgados al sector privado,Préstamos por línea,Saldos,D,En millones de ARS,ML,1999-12-30,2026-09-02,106487731.0
1342,Total de préstamos de efectivo otorgados al sector privado,Préstamos por línea,Saldos,D,En millones de ARS,ML,1996-04-01,2026-09-02,106029666.0
1343,Adelantos en cuenta corriente otorgados al sector privado,Préstamos por línea,Saldos,D,En millones de ARS,ML,1996-04-01,2026-09-02,10300960.0
1344,Otros adelantos otorgados al sector privado,Préstamos por línea,Saldos,D,En millones de ARS,ML,1999-12-30,2026-09-02,620944.0
1345,Documentos a sola firma otorgados al sector privado,Préstamos por línea,Saldos,D,En millones de ARS,ML,1996-04-01,2026-09-02,16741144.0
1346,Descuento de documentos al sector privado,Préstamos por línea,Saldos,D,En millones de ARS,ML,1999-12-30,2026-09-02,7306097.0
1347,Documentos comprados otorgados al sector privado,Préstamos por línea,Saldos,D,En millones de ARS,ML,1999-12-30,2026-09-02,1278539.0
1348,Préstamos hipotecarios otorgados al sector privado,Préstamos por línea,Saldos,D,En millones de ARS,ML,1996-04-01,2026-09-02,8675956.0
1349,Préstamos prendarios otorgados al sector privado,Préstamos por línea,Saldos,D,En millones de ARS,ML,1996-04-01,2026-09-02,6460192.0
1350,Préstamos personales otorgados al sector privado,Préstamos por línea,Saldos,D,En millones de ARS,ML,1999-12-30,2026-09-02,21753253.0
1351,Financiaciones mediante tarjetas de crédito al sector privado,Préstamos por línea,Saldos,D,En millones de ARS,ML,1999-12-30,2026-09-02,24676680.0
1352,Créditos documentarios otorgados al sector privado,Préstamos por línea,Saldos,D,En millones de ARS,ML,1999-12-30,2026-09-02,233.0
1353,"Otros préstamos otorgados al sector privado (excluye adelantos, documentos, personales, hipotecarios, prendarios y tarjetas de crédito)",Préstamos por línea,Saldos,D,En millones de ARS,ML,1999-12-30,2026-09-02,8215668.0
1354,Intereses documentados de préstamos al sector privado,Préstamos por línea,Saldos,D,En millones de ARS,ML,1999-12-30,2026-09-02,776289.0
1355,Total de préstamos otorgados al sector privado,Préstamos por línea,Saldos,D,En millones de USD,ME,1999-12-30,2026-09-02,25186.0
1356,Total de préstamos totales de efectivo otorgados al sector privado,Préstamos por línea,Saldos,D,En millones de USD,ME,1996-04-01,2026-09-02,25147.0
1357,Adelantos en cuenta corriente otorgados al sector privado,Préstamos por línea,Saldos,D,En millones de USD,ME,1996-04-01,2026-09-02,0.0
1358,Otros adelantos otorgados al sector privado,Préstamos por línea,Saldos,D,En millones de USD,ME,1996-04-01,2026-09-02,240.0
1359,Documentos a sola firma otorgados al sector privado,Préstamos por línea,Saldos,D,En millones de USD,ME,1996-04-01,2026-09-02,18701.0
1360,Descuento de documentos al sector privado,Préstamos por línea,Saldos,D,En millones de USD,ME,1999-12-30,2026-09-02,0.0
1361,Documentos comprados otorgados al sector privado,Préstamos por línea,Saldos,D,En millones de USD,ME,1999-12-30,2026-09-02,17.0
1362,Préstamos hipotecarios otorgados al sector privado,Préstamos por línea,Saldos,D,En millones de USD,ME,1996-04-01,2026-09-02,750.0
1363,Préstamos prendarios otorgados al sector privado,Préstamos por línea,Saldos,D,En millones de USD,ME,1996-04-01,2026-09-02,1405.0
1364,Préstamos personales otorgados al sector privado,Préstamos por línea,Saldos,D,En millones de USD,ME,1999-12-30,2026-09-02,4.0
1365,Financiaciones mediante tarjetas de crédito al sector privado,Préstamos por línea,Saldos,D,En millones de USD,ME,1999-12-30,2026-09-02,603.0
1366,Créditos documentarios otorgados al sector privado,Préstamos por línea,Saldos,D,En millones de USD,ME,1999-12-30,2026-09-02,52.0
1367,"Otros préstamos otorgados al sector privado (excluye adelantos, documentos, personales, hipotecarios, prendarios y tarjetas de crédito)",Préstamos por línea,Saldos,D,En millones de USD,ME,1999-12-30,2026-09-02,3376.0
1368,Intereses documentados de préstamos al sector privado,Préstamos por línea,Saldos,D,En millones de USD,ME,1999-12-30,2026-09-02,4.0
1369,Depósitos totales del total de sectores,Depósitos por cuenta,Saldos,D,En millones de ARS,ML,1999-12-30,2026-09-02,171821488.0
1370,Depósitos totales de efectivo del total de sectores,Depósitos por cuenta,Saldos,D,En millones de ARS,ML,1999-12-30,2026-09-02,171558073.0
1371,Cuentas corrientes del total de sectores,Depósitos por cuenta,Saldos,D,En millones de ARS,ML,1996-01-02,2026-09-02,32845296.0
1372,Cuentas corrientes de un millón de pesos y más del total de sectores,Depósitos por cuenta,Saldos,D,En millones de ARS,ML,2003-01-02,2025-12-30,44927275.0
1373,Cuentas a la vista  del total de sectores,Depósitos por cuenta,Saldos,D,En millones de ARS,ML,1999-12-30,2026-09-02,1851187.0
1374,Cuentas a la vista de un millón de pesos y más del total de sectores,Depósitos por cuenta,Saldos,D,En millones de ARS,ML,2003-01-02,2025-12-30,496437.0
1375,Cajas de ahorro del total de sectores,Depósitos por cuenta,Saldos,D,En millones de ARS,ML,1996-01-02,2026-09-02,34290580.0
1376,Cajas de ahorro de un millón de pesos y más del total de sectores,Depósitos por cuenta,Saldos,D,En millones de ARS,ML,2003-01-02,2025-12-30,26551984.0
1377,Plazo fijo del total de sectores,Depósitos por cuenta,Saldos,D,En millones de ARS,ML,1996-01-02,2026-09-02,78805456.0
1378,Plazo fijo de hasta 59 días del total de sectores,Depósitos por cuenta,Saldos,D,En millones de ARS,ML,1996-01-02,2026-09-02,70884447.0
1379,Plazo fijo de 60 a 89 días del total de sectores,Depósitos por cuenta,Saldos,D,En millones de ARS,ML,1999-12-30,2026-09-02,3394105.0
1380,Plazo fijo de 90 a 179 días del total de sectores,Depósitos por cuenta,Saldos,D,En millones de ARS,ML,1999-12-30,2026-09-02,3167975.0
1381,Plazo fijo de 180 a 365 días del total de sectores,Depósitos por cuenta,Saldos,D,En millones de ARS,ML,1999-12-30,2026-09-02,1275117.0
1382,Plazo fijo de 366 días o más del total de sectores,Depósitos por cuenta,Saldos,D,En millones de ARS,ML,1999-12-30,2026-09-02,83812.0
1383,Cedros del total de sectores,Depósitos por cuenta,Saldos,D,En millones de ARS,ML,2003-01-02,2011-08-18,0.0
1384,Plazo fijo con cláusula cer/uva/uvi del total de sectores,Depósitos por cuenta,Saldos,D,En millones de ARS,ML,2003-01-31,2026-09-02,916148.0
1385,Plazo fijo de un millón de pesos y más del total de sectores,Depósitos por cuenta,Saldos,D,En millones de ARS,ML,2003-01-02,2025-12-30,58290346.0
1386,Plazo fijo judiciales del total de sectores,Depósitos por cuenta,Saldos,D,En millones de ARS,ML,2003-01-02,2026-09-02,1479157.0
1387,Inversiones a plazo constante del total de sectores,Depósitos por cuenta,Saldos,D,En millones de ARS,ML,1999-12-30,2026-09-02,0.0
1388,Inversiones con opción de cancelación anticipada del total de sectores,Depósitos por cuenta,Saldos,D,En millones de ARS,ML,1999-12-30,2026-09-02,11736140.0
1389,Inversiones con opción de renovación por plazo determinado del total de sectores,Depósitos por cuenta,Saldos,D,En millones de ARS,ML,1999-12-30,2026-09-02,0.0
1390,Saldos inmovilizados del total de sectores,Depósitos por cuenta,Saldos,D,En millones de ARS,ML,1999-12-30,2026-09-02,175243.0
1391,Órdenes de pago del total de sectores,Depósitos por cuenta,Saldos,D,En millones de ARS,ML,1999-12-30,2026-09-02,3683.0
1392,Depósitos en garantía del total de sectores,Depósitos por cuenta,Saldos,D,En millones de ARS,ML,1999-12-30,2026-09-02,57828.0
1393,Depósitos vinculados con operaciones cambiarias del total de sectores,Depósitos por cuenta,Saldos,D,En millones de ARS,ML,1999-12-30,2026-09-02,0.0
1394,Otros depósitos (excluye vista y a plazo) del total de sectores,Depósitos por cuenta,Saldos,D,En millones de ARS,ML,1999-12-30,2026-09-02,962948.0
1395,Otros depósitos de un millón de pesos y más (excluye vista y a plazo) del total de sectores,Depósitos por cuenta,Saldos,D,En millones de ARS,ML,2003-01-02,2025-12-30,588360.0
1396,Otros depósitos reprogramados a canjearse por tít. públicos del total de sectores,Depósitos por cuenta,Saldos,D,En millones de ARS,ML,2003-01-02,2009-10-23,0.0
1397,Otros depósitos reprogramados con acciones judiciales iniciadas del total de sectores,Depósitos por cuenta,Saldos,D,En millones de ARS,ML,2003-01-02,2009-09-03,0.0
1398,Depósitos de títulos valores públicos del país del total de sectores,Depósitos por cuenta,Saldos,D,En millones de ARS,ML,1999-12-30,2026-09-02,263415.0
1399,Depósitos de títulos privados del total de sectores,Depósitos por cuenta,Saldos,D,En millones de ARS,ML,1999-12-30,2026-09-02,0.0
1400,Depósitos de otros activos financieros del total de sectores,Depósitos por cuenta,Saldos,D,En millones de ARS,ML,1999-12-30,2026-09-02,0.0
1401,Aceptaciones del total de sectores,Depósitos por cuenta,Saldos,D,En millones de ARS,ML,1999-12-30,2026-09-02,0.0
1402,Pasivos por préstamos vinculados con operaciones de comercio exterior  del total de sectores,Depósitos por cuenta,Saldos,D,En millones de ARS,ML,1999-12-30,2026-09-02,25.0
1403,Pasivos por préstamos vinculados con operaciones de comercio exterior con entidades locales del total de sectores,Depósitos por cuenta,Saldos,D,En millones de ARS,ML,2001-01-02,2026-09-02,25.0
1404,Pasivos por préstamos vinculados con operaciones de comercio exterior con entidades del exterior del total de sectores,Depósitos por cuenta,Saldos,D,En millones de ARS,ML,2001-01-02,2026-09-02,0.0
1405,Pasivos por préstamos no vinculados con operaciones de comercio exterior del total de sectores,Depósitos por cuenta,Saldos,D,En millones de ARS,ML,1999-12-30,2026-09-02,2072568.0
1406,Pasivos por préstamos no vinculados con operaciones de comercio exterior con entidades locales del total de sectores,Depósitos por cuenta,Saldos,D,En millones de ARS,ML,2001-01-02,2026-09-02,2072568.0
1407,Pasivos por préstamos no vinculados con operaciones de comercio exterior con entidades del exterior del total de sectores,Depósitos por cuenta,Saldos,D,En millones de ARS,ML,2001-01-02,2026-09-02,0.0
1408,Obligaciones negociables,Depósitos por cuenta,Saldos,D,En millones de ARS,ML,1999-12-30,2026-09-02,2667978.0
1409,Obligaciones subordinadas,Depósitos por cuenta,Saldos,D,En millones de ARS,ML,1999-12-30,2026-09-02,4517.0
1410,"Pasivos emergentes de operaciones a término, no originadas en operaciones de pase, por compras a término del total de sectores",Depósitos por cuenta,Saldos,D,En millones de ARS,ML,1999-12-30,2026-09-02,6939.0
1411,"Pasivos emergentes de operaciones a término, no originadas en operaciones de pase, por compras al contado a liquidar del total de sectores",Depósitos por cuenta,Saldos,D,En millones de ARS,ML,1999-12-30,2026-09-02,1431203.0
1412,"Pasivos emergentes de operaciones a término, originadas en operaciones de pase, por compras a término del total de sectores",Depósitos por cuenta,Saldos,D,En millones de ARS,ML,1996-01-02,2026-09-02,1806053.0
1413,Pasivos pendientes de imputación por operaciones con fondos de terceros del total de sectores,Depósitos por cuenta,Saldos,D,En millones de ARS,ML,1999-12-30,2026-09-02,34425.0
1414,Depósitos totales del total de sectores,Depósitos por cuenta,Saldos,D,En millones de USD,ME,1999-12-30,2026-09-02,43995.0
1415,Depósitos totales de efectivo del total de sectores,Depósitos por cuenta,Saldos,D,En millones de USD,ME,1999-12-30,2026-09-02,43785.0
1416,Cuentas corriente del total de sectores,Depósitos por cuenta,Saldos,D,En millones de USD,ME,1996-01-02,2026-09-02,12.0
1417,Cuentas corrientes de un millón de dólaresy más del total de sectores,Depósitos por cuenta,Saldos,D,En millones de USD,ME,2003-01-02,2025-12-30,0.0
1418,Cuentas a la vista del total de sectores,Depósitos por cuenta,Saldos,D,En millones de USD,ME,1999-12-30,2026-09-02,311.0
1419,Cuentas a la vista de un millón de dólares y más del total de sectores,Depósitos por cuenta,Saldos,D,En millones de USD,ME,2003-01-02,2025-12-30,49.0
1420,Cajas de ahorro del total de sectores,Depósitos por cuenta,Saldos,D,En millones de USD,ME,1996-01-02,2026-09-02,30437.0
1421,Cajas de ahorros de un millón de dólares y más del total de sectores,Depósitos por cuenta,Saldos,D,En millones de USD,ME,2003-01-02,2025-12-30,8083.0
1422,Plazo fijo del total de sectores,Depósitos por cuenta,Saldos,D,En millones de USD,ME,1996-01-02,2026-09-02,12640.0
1423,Plazo fijo de hasta 59 días del total de sectores,Depósitos por cuenta,Saldos,D,En millones de USD,ME,1996-01-02,2026-09-02,6905.0
1424,Plazo fijo de 60 a 89 días del total de sectores,Depósitos por cuenta,Saldos,D,En millones de USD,ME,1999-12-30,2026-09-02,1407.0
1425,Plazo fijo de 90 a 179 días del total de sectores,Depósitos por cuenta,Saldos,D,En millones de USD,ME,1999-12-30,2026-09-02,2156.0
1426,Plazo fijo de 180 a 365 días del total de sectores,Depósitos por cuenta,Saldos,D,En millones de USD,ME,1999-12-30,2026-09-02,1723.0
1427,Plazo fijo de 366 días o mas del total de sectores,Depósitos por cuenta,Saldos,D,En millones de USD,ME,1999-12-30,2026-09-02,449.0
1428,Plazo fijo de un millón de dólares y más del total de sectores,Depósitos por cuenta,Saldos,D,En millones de USD,ME,2003-01-02,2025-12-30,4126.0
1429,Plazo fijo judiciales del total de sectores,Depósitos por cuenta,Saldos,D,En millones de USD,ME,2003-01-02,2026-09-02,510.0
1430,Inversiones a plazo constante del total de sectores,Depósitos por cuenta,Saldos,D,En millones de USD,ME,1999-12-30,2026-09-02,0.0
1431,Inversiones con opción de cancelación anticipada del total de sectores,Depósitos por cuenta,Saldos,D,En millones de USD,ME,1999-12-30,2026-09-02,62.0
1432,Inversiones con opción de renovación por plazo determinado del total de sectores,Depósitos por cuenta,Saldos,D,En millones de USD,ME,1999-12-30,2026-09-02,0.0
1433,Saldos inmovilizados del total de sectores,Depósitos por cuenta,Saldos,D,En millones de USD,ME,1999-12-30,2026-09-02,152.0
1434,Ordenes de pago del total de sectores,Depósitos por cuenta,Saldos,D,En millones de USD,ME,1999-12-30,2026-09-02,0.0
1435,Depósitos en garantía del total de sectores,Depósitos por cuenta,Saldos,D,En millones de USD,ME,1999-12-30,2026-09-02,3.0
1436,Depósitos vinculados con operaciones cambiarias del total de sectores,Depósitos por cuenta,Saldos,D,En millones de USD,ME,1999-12-30,2026-09-02,0.0
1437,Otros depósitos (excluye vista y a plazo) del total de sectores,Depósitos por cuenta,Saldos,D,En millones de USD,ME,1999-12-30,2026-09-02,168.0
1438,Otros depósitos de un millón de dólares y más (excluye vista y a plazo) del total de sectores,Depósitos por cuenta,Saldos,D,En millones de USD,ME,2003-01-02,2025-12-30,88.0
1439,Depósitos de títulos valores públicos del país del total de sectores,Depósitos por cuenta,Saldos,D,En millones de USD,ME,1999-12-30,2026-09-02,210.0
1440,Depósitos de títulos prívados del total de sectores,Depósitos por cuenta,Saldos,D,En millones de USD,ME,1999-12-30,2026-09-02,0.0
1441,Depósitos de otros activos financieros del total de sectores,Depósitos por cuenta,Saldos,D,En millones de USD,ME,1999-12-30,2026-09-02,0.0
1442,Aceptaciones del total de sectores,Depósitos por cuenta,Saldos,D,En millones de USD,ME,1999-12-30,2026-09-02,0.0
1443,Pasivos por préstamos vinculados con operaciones de comercio exterior,Depósitos por cuenta,Saldos,D,En millones de USD,ME,1999-12-30,2026-09-02,2028.0
1444,Pasivos por préstamos vinculados con operaciones de comercio exterior con entidades locales,Depósitos por cuenta,Saldos,D,En millones de USD,ME,2001-01-02,2026-09-02,0.0
1445,Pasivos por préstamos vinculados con operaciones de comercio exterior con entidades del exterior,Depósitos por cuenta,Saldos,D,En millones de USD,ME,2001-01-02,2026-09-02,2028.0
1446,Pasivos por préstamos no vinculados con operaciones de comercio exterior,Depósitos por cuenta,Saldos,D,En millones de USD,ME,1999-12-30,2026-09-02,745.0
1447,Pasivos por préstamos no vinculados con operaciones de comercio exterior con entidades locales,Depósitos por cuenta,Saldos,D,En millones de USD,ME,2001-01-02,2026-09-02,75.0
1448,Pasivos por préstamos no vinculados con operaciones de comercio exterior con entidades del exterior,Depósitos por cuenta,Saldos,D,En millones de USD,ME,2001-01-02,2026-09-02,670.0
1449,Obligaciones negociables,Depósitos por cuenta,Saldos,D,En millones de USD,ME,1999-12-30,2026-09-02,3447.0
1450,Obligaciones subordinadas,Depósitos por cuenta,Saldos,D,En millones de USD,ME,1999-12-30,2026-09-02,399.0
1451,"Pasivos emergentes de operaciones a término, no originadas en operaciones de pase, por compras a término del total de sectores",Depósitos por cuenta,Saldos,D,En millones de USD,ME,1999-12-30,2026-09-02,0.0
1452,"Pasivos emergentes de operaciones a término, no originadas en operaciones de pase, por compras al contado a liquidar del total de sectores",Depósitos por cuenta,Saldos,D,En millones de USD,ME,1999-12-30,2026-09-02,40.0
1453,"Pasivos emergentes de operaciones a término, originadas en operaciones de pase, por compras a término del total de sectores",Depósitos por cuenta,Saldos,D,En millones de USD,ME,1996-01-02,2026-09-02,0.0
1454,Pasivos pendientes de imputación por operaciones con fondos de terceros del total de sectores,Depósitos por cuenta,Saldos,D,En millones de USD,ME,1999-12-30,2026-09-02,21.0
1455,Depósitos totales del sector público,Depósitos por cuenta,Saldos,D,En millones de ARS,ML,1999-12-30,2026-09-02,45593571.0
1456,Depósitos totales de efectivo del sector público,Depósitos por cuenta,Saldos,D,En millones de ARS,ML,1999-12-30,2026-09-02,45593571.0
1457,Cuentas corrientes del sector público no financiero,Depósitos por cuenta,Saldos,D,En millones de ARS,ML,1996-01-02,2026-09-02,22071291.0
1458,Cuentas corrientes de un millón de pesosy más del sector público no financiero,Depósitos por cuenta,Saldos,D,En millones de ARS,ML,2003-01-02,2025-12-30,23518958.0
1459,Cuentas a la vista del sector público no financiero,Depósitos por cuenta,Saldos,D,En millones de ARS,ML,1999-12-30,2026-09-02,644123.0
1460,Cuentas a la vista de un millón de pesos y más del sector público no financiero,Depósitos por cuenta,Saldos,D,En millones de ARS,ML,2003-01-02,2025-12-30,324652.0
1461,Caja de ahorro del sector público no financiero,Depósitos por cuenta,Saldos,D,En millones de ARS,ML,1999-12-30,2026-09-02,1008769.0
1462,Caja de ahorros de un millón de pesos y más del sector público no financiero,Depósitos por cuenta,Saldos,D,En millones de ARS,ML,2003-01-02,2025-12-30,1166316.0
1463,Plazo fijo del sector público no financiero,Depósitos por cuenta,Saldos,D,En millones de ARS,ML,1999-12-30,2026-09-02,10836569.0
1464,Plazo fijo de hasta 59 días del sector público no financiero,Depósitos por cuenta,Saldos,D,En millones de ARS,ML,1999-12-30,2026-09-02,8800150.0
1465,Plazo fijo de 60 a 89 días del sector público no financiero,Depósitos por cuenta,Saldos,D,En millones de ARS,ML,1999-12-30,2026-09-02,243885.0
1466,Plazo fijo de 90 a 179 días del sector público no financiero,Depósitos por cuenta,Saldos,D,En millones de ARS,ML,1999-12-30,2026-09-02,1315410.0
1467,Plazo fijo de 180 a 365 días del sector público no financiero,Depósitos por cuenta,Saldos,D,En millones de ARS,ML,1999-12-30,2026-09-02,476305.0
1468,Plazo fijo de 366 días o mas del sector público no financiero,Depósitos por cuenta,Saldos,D,En millones de ARS,ML,1999-12-30,2026-09-02,819.0
1469,Cedros del sector público,Depósitos por cuenta,Saldos,D,En millones de ARS,ML,2003-01-02,2011-08-18,0.0
1470,Plazo fijo con cláusula cer del sector público no financiero,Depósitos por cuenta,Saldos,D,En millones de ARS,ML,2003-01-31,2026-09-02,387417.0
1471,Plazo fijo de un millón de pesos y más del sector público no financiero,Depósitos por cuenta,Saldos,D,En millones de ARS,ML,2003-01-02,2025-12-30,6031450.0
1472,Plazo fijo judiciales del sector público no financiero,Depósitos por cuenta,Saldos,D,En millones de ARS,ML,2003-01-02,2026-09-02,657220.0
1473,Inversiones a plazo constante del sector público no financiero,Depósitos por cuenta,Saldos,D,En millones de ARS,ML,1999-12-30,2026-09-02,0.0
1474,Inversiones con opción de cancelación anticipada del sector público no financiero,Depósitos por cuenta,Saldos,D,En millones de ARS,ML,1999-12-30,2026-09-02,10821162.0
1475,Inversiones con opción de renovación por plazo determinado del sector público no financiero,Depósitos por cuenta,Saldos,D,En millones de ARS,ML,1999-12-30,2026-09-02,0.0
1476,Saldos inmovilizados del sector público no financiero,Depósitos por cuenta,Saldos,D,En millones de ARS,ML,1999-12-30,2026-09-02,1719.0
1477,Ordenes de pago del sector público no financiero,Depósitos por cuenta,Saldos,D,En millones de ARS,ML,1999-12-30,2026-09-02,0.0
1478,Depósitos en garantía del sector público no financiero,Depósitos por cuenta,Saldos,D,En millones de ARS,ML,1999-12-30,2026-09-02,1893.0
1479,Depósitos vinculados con operaciones cambiarias del sector público no financiero,Depósitos por cuenta,Saldos,D,En millones de ARS,ML,1999-12-30,2026-09-02,0.0
1480,Otros depósitos (excluye vista y a plazo) del sector público no financiero,Depósitos por cuenta,Saldos,D,En millones de ARS,ML,1996-01-02,2026-09-02,208044.0
1481,Otros depósitos de un millón de pesos y más (excluye vista y a plazo) del sector público no financiero,Depósitos por cuenta,Saldos,D,En millones de ARS,ML,2003-01-02,2025-12-30,206136.0
1482,Otros depósitos reprogramados a canjearse por tít. públicos del sector público no financiero,Depósitos por cuenta,Saldos,D,En millones de ARS,ML,2003-01-02,2009-10-23,0.0
1483,Otros depósitos reprogramados con acciones judiciales iniciadas del sector público no financiero,Depósitos por cuenta,Saldos,D,En millones de ARS,ML,2003-01-02,2009-09-03,0.0
1484,Depósitos de títulos valores públicos del país del sector público no financiero,Depósitos por cuenta,Saldos,D,En millones de ARS,ML,1999-12-30,2026-09-02,0.0
1485,Depósitos de títulos prívados del sector público no financiero,Depósitos por cuenta,Saldos,D,En millones de ARS,ML,1999-12-30,2026-09-02,0.0
1486,Depósitos de otros activos financieros del sector público no financiero,Depósitos por cuenta,Saldos,D,En millones de ARS,ML,1999-12-30,2026-09-02,0.0
1487,Utilización de fondos unificados (fuco) del sector público no financiero,Depósitos por cuenta,Saldos,D,En millones de ARS,ML,1996-01-02,2026-09-02,10829713.0
1488,Aceptaciones del sector público no financiero,Depósitos por cuenta,Saldos,D,En millones de ARS,ML,1999-12-30,2026-09-02,0.0
1489,"Pasivos emergentes de operaciones a término, no originadas en operaciones de pase, por compras a término del sector público",Depósitos por cuenta,Saldos,D,En millones de ARS,ML,1999-12-30,2026-09-02,0.0
1490,"Pasivos emergentes de operaciones a término, no originadas en operaciones de pase, por compras al contado a liquidar del sector público",Depósitos por cuenta,Saldos,D,En millones de ARS,ML,1999-12-30,2026-09-02,0.0
1491,"Pasivos emergentes de operaciones a término, originadas en operaciones de pase, por compras a término del sector público",Depósitos por cuenta,Saldos,D,En millones de ARS,ML,1999-12-30,2026-09-02,36001.0
1492,Pasivos pendientes de imputación por operaciones con fondos de terceros del sector público no financiero,Depósitos por cuenta,Saldos,D,En millones de ARS,ML,1999-12-30,2026-09-02,0.0
1493,Depósitos totales del sector público,Depósitos por cuenta,Saldos,D,En millones de ARS,ML,1999-12-30,2026-09-02,2601.0
1494,Depósitos totales de efectivo del sector público,Depósitos por cuenta,Saldos,D,En millones de ARS,ML,1999-12-30,2026-09-02,2601.0
1495,Cuentas corriente del sector público no financiero,Depósitos por cuenta,Saldos,D,En millones de USD,ME,1999-12-30,2026-09-02,0.0
1496,Cuentas corrientes de un millón de dólaresy más del sector público no financiero,Depósitos por cuenta,Saldos,D,En millones de USD,ME,2003-01-02,2025-12-30,0.0
1497,Cuentas a la vista del sector público no financiero,Depósitos por cuenta,Saldos,D,En millones de USD,ME,1999-12-30,2026-09-02,135.0
1498,Cuentas a la vista de un millón de dólares y más del sector público no financiero,Depósitos por cuenta,Saldos,D,En millones de USD,ME,2003-01-02,2025-12-30,16.0
1499,Cajas de ahorro del sector público no financiero,Depósitos por cuenta,Saldos,D,En millones de USD,ME,1999-12-30,2026-09-02,1227.0
1500,Cajas de ahorros de un millón de dólares y más del sector público no financiero,Depósitos por cuenta,Saldos,D,En millones de USD,ME,2003-01-02,2025-12-30,1913.0
1501,Plazo fijo del sector público no financiero,Depósitos por cuenta,Saldos,D,En millones de USD,ME,1999-12-30,2026-09-02,1234.0
1502,Plazo fijo de hasta 59 días del sector público no financiero,Depósitos por cuenta,Saldos,D,En millones de USD,ME,1999-12-30,2026-09-02,253.0
1503,Plazo fijo de 60 a 89 días del sector público no financiero,Depósitos por cuenta,Saldos,D,En millones de USD,ME,1999-12-30,2026-09-02,350.0
1504,Plazo fijo de 90 a 179 días del sector público no financiero,Depósitos por cuenta,Saldos,D,En millones de USD,ME,1999-12-30,2026-09-02,392.0
1505,Plazo fijo de 180 a 365 días del sector público no financiero,Depósitos por cuenta,Saldos,D,En millones de USD,ME,1999-12-30,2026-09-02,236.0
1506,Plazo fijo de 366 días o mas del sector público no financiero,Depósitos por cuenta,Saldos,D,En millones de USD,ME,1999-12-30,2026-09-02,3.0
1507,Plazo fijo de un millón de dólares y más del sector público no financiero,Depósitos por cuenta,Saldos,D,En millones de USD,ME,2003-01-02,2025-12-30,485.0
1508,Plazo fijo judiciales del sector público no financiero,Depósitos por cuenta,Saldos,D,En millones de USD,ME,2003-01-02,2026-09-02,128.0
1509,Inversiones a plazo constante del sector público no financiero,Depósitos por cuenta,Saldos,D,En millones de USD,ME,1999-12-30,2026-09-02,0.0
1510,Inversiones con opción de cancelación anticipada del sector público no financiero,Depósitos por cuenta,Saldos,D,En millones de USD,ME,1999-12-30,2026-09-02,0.0
1511,Inversiones con opción de renovación por plazo determinado del sector público no financiero,Depósitos por cuenta,Saldos,D,En millones de USD,ME,1999-12-30,2026-09-02,0.0
1512,Saldos inmovilizados del sector público no financiero,Depósitos por cuenta,Saldos,D,En millones de USD,ME,1999-12-30,2026-09-02,5.0
1513,Ordenes de pago del sector público no financiero,Depósitos por cuenta,Saldos,D,En millones de USD,ME,1999-12-30,2026-09-02,0.0
1514,Depósitos en garantía del sector público no financiero,Depósitos por cuenta,Saldos,D,En millones de USD,ME,1999-12-30,2026-09-02,0.0
1515,Depósitos vinculados con operaciones cambiarias del sector público no financiero,Depósitos por cuenta,Saldos,D,En millones de USD,ME,1999-12-30,2026-09-02,0.0
1516,Otros depósitos (excluye vista y a plazo) del sector público no financiero,Depósitos por cuenta,Saldos,D,En millones de USD,ME,1999-12-30,2026-09-02,0.0
1517,Otros depósitos de un millón de dólares y más (excluye vista y a plazo) del sector público no financiero,Depósitos por cuenta,Saldos,D,En millones de USD,ME,2003-01-02,2025-12-30,0.0
1518,Depósitos de títulos valores públicos del país del sector público no financiero,Depósitos por cuenta,Saldos,D,En millones de USD,ME,1999-12-30,2026-09-02,0.0
1519,Depósitos de títulos prívados del sector público no financiero,Depósitos por cuenta,Saldos,D,En millones de USD,ME,1999-12-30,2026-09-02,0.0
1520,Depósitos de otros activos financieros del sector público no financiero,Depósitos por cuenta,Saldos,D,En millones de USD,ME,1999-12-30,2026-09-02,0.0
1521,Aceptaciones del sector público no financiero,Depósitos por cuenta,Saldos,D,En millones de USD,ME,1999-12-30,2026-09-02,0.0
1522,"Pasivos emergentes de operaciones a término, no originadas en operaciones de pase, por compras a término del sector público",Depósitos por cuenta,Saldos,D,En millones de USD,ME,1999-12-30,2026-09-02,0.0
1523,"Pasivos emergentes de operaciones a término, no originadas en operaciones de pase, por compras al contado a liquidar del sector público",Depósitos por cuenta,Saldos,D,En millones de USD,ME,1999-12-30,2026-09-02,0.0
1524,"Pasivos emergentes de operaciones a término, originadas en operaciones de pase, por compras a término del sector público",Depósitos por cuenta,Saldos,D,En millones de USD,ME,1999-12-30,2026-09-02,0.0
1525,Pasivos pendientes de imputación por operaciones con fondos de terceros del sector público no financiero,Depósitos por cuenta,Saldos,D,En millones de USD,ME,1999-12-30,2026-09-02,0.0
1526,Depósitos totales del sector privado,Depósitos por cuenta,Saldos,D,En millones de ARS,ML,1999-12-30,2026-09-02,125396212.0
1527,Depósitos totales de efectivo del sector privado,Depósitos por cuenta,Saldos,D,En millones de ARS,ML,1999-12-30,2026-09-02,125331634.0
1528,Cuentas corriente del sector privado no financiero,Depósitos por cuenta,Saldos,D,En millones de ARS,ML,1996-01-02,2026-09-02,21505131.0
1529,Cuentas corrientes de un millón de pesosy más del sector privado no financiero,Depósitos por cuenta,Saldos,D,En millones de ARS,ML,2003-01-02,2025-12-30,21263802.0
1530,Cuentas a la vista del sector privado no financiero,Depósitos por cuenta,Saldos,D,En millones de ARS,ML,1999-12-30,2026-09-02,1191245.0
1531,Cuentas a la vista de un millón de pesos y más del sector privado no financiero,Depósitos por cuenta,Saldos,D,En millones de ARS,ML,2003-01-02,2025-12-30,171336.0
1532,Cajas de ahorro del sector privado no financiero,Depósitos por cuenta,Saldos,D,En millones de ARS,ML,1999-12-30,2026-09-02,33119550.0
1533,Cajas de ahorros de un millón de pesos y más del sector privado no financiero,Depósitos por cuenta,Saldos,D,En millones de ARS,ML,2003-01-02,2025-12-30,25287309.0
1534,Plazo fijo del sector privado no financiero,Depósitos por cuenta,Saldos,D,En millones de ARS,ML,1999-12-30,2026-09-02,67638882.0
1535,Plazo fijo de hasta 59 días del sector privado no financiero,Depósitos por cuenta,Saldos,D,En millones de ARS,ML,1999-12-30,2026-09-02,61774802.0
1536,Plazo fijo de 60 a 89 días del sector privado no financiero,Depósitos por cuenta,Saldos,D,En millones de ARS,ML,1999-12-30,2026-09-02,3150197.0
1537,Plazo fijo de 90 a 179 días del sector privado no financiero,Depósitos por cuenta,Saldos,D,En millones de ARS,ML,1999-12-30,2026-09-02,1832191.0
1538,Plazo fijo de 180 a 365 días del sector privado no financiero,Depósitos por cuenta,Saldos,D,En millones de ARS,ML,1999-12-30,2026-09-02,798720.0
1539,Plazo fijo de 366 días o mas del sector privado no financiero,Depósitos por cuenta,Saldos,D,En millones de ARS,ML,1999-12-30,2026-09-02,82971.0
1540,Cedros del sector privado,Depósitos por cuenta,Saldos,D,En millones de ARS,ML,2003-01-02,2011-08-18,0.0
1541,Plazo fijo con cláusula cer del sector privado no financiero,Depósitos por cuenta,Saldos,D,En millones de ARS,ML,2003-01-31,2026-09-02,514266.0
1542,Plazo fijo de un millón de pesos y más del sector privado no financiero,Depósitos por cuenta,Saldos,D,En millones de ARS,ML,2003-01-02,2025-12-30,51984064.0
1543,Plazo fijo judiciales del sector privado no financiero,Depósitos por cuenta,Saldos,D,En millones de ARS,ML,2003-01-02,2026-09-02,819938.0
1544,Inversiones a plazo constante del sector privado no financiero,Depósitos por cuenta,Saldos,D,En millones de ARS,ML,1999-12-30,2026-09-02,0.0
1545,Inversiones con opción de cancelación anticipada del sector privado no financiero,Depósitos por cuenta,Saldos,D,En millones de ARS,ML,1999-12-30,2026-09-02,914978.0
1546,Inversiones con opción de renovación por plazo determinado del sector privado no financiero,Depósitos por cuenta,Saldos,D,En millones de ARS,ML,1999-12-30,2026-09-02,0.0
1547,Saldos inmovilizados del sector privado no financiero,Depósitos por cuenta,Saldos,D,En millones de ARS,ML,1999-12-30,2026-09-02,173499.0
1548,Ordenes de pago del sector privado no financiero,Depósitos por cuenta,Saldos,D,En millones de ARS,ML,1999-12-30,2026-09-02,2884.0
1549,Depósitos en garantía del sector privado no financiero,Depósitos por cuenta,Saldos,D,En millones de ARS,ML,1999-12-30,2026-09-02,55929.0
1550,Depósitos vinculados con operaciones cambiarias del sector privado no financiero,Depósitos por cuenta,Saldos,D,En millones de ARS,ML,1999-12-30,2026-09-02,0.0
1551,Otros depósitos (excluye vista y a plazo) del sector privado no financiero,Depósitos por cuenta,Saldos,D,En millones de ARS,ML,1999-12-30,2026-09-02,729536.0
1552,Otros depósitos de un millón de pesos y más (excluye vista y a plazo) del sector privado no financiero,Depósitos por cuenta,Saldos,D,En millones de ARS,ML,2003-01-02,2025-12-30,377183.0
1553,Otros depósitos reprogramados a canjearse por tít. públicos del sector privado no financiero,Depósitos por cuenta,Saldos,D,En millones de ARS,ML,2003-01-02,2009-10-23,0.0
1554,Otros depósitos reprogramados con acciones judiciales iniciadas del sector privado no financiero,Depósitos por cuenta,Saldos,D,En millones de ARS,ML,2003-01-02,2009-09-03,0.0
1555,Depósitos de títulos valores públicos del país del sector privado no financiero,Depósitos por cuenta,Saldos,D,En millones de ARS,ML,1999-12-30,2026-09-02,64578.0
1556,Depósitos de títulos prívados del sector privado no financiero,Depósitos por cuenta,Saldos,D,En millones de ARS,ML,1999-12-30,2026-09-02,0.0
1557,Depósitos de otros activos financieros del sector privado no financiero,Depósitos por cuenta,Saldos,D,En millones de ARS,ML,1999-12-30,2026-09-02,0.0
1558,Aceptaciones del sector privado no financiero,Depósitos por cuenta,Saldos,D,En millones de ARS,ML,1999-12-30,2026-09-02,0.0
1559,"Pasivos emergentes de operaciones a término, no originadas en operaciones de pase, por compras a término del sector privado",Depósitos por cuenta,Saldos,D,En millones de ARS,ML,1999-12-30,2026-09-02,0.0
1560,"Pasivos emergentes de operaciones a término, no originadas en operaciones de pase, por compras al contado a liquidar del sector privado",Depósitos por cuenta,Saldos,D,En millones de ARS,ML,1999-12-30,2026-09-02,366875.0
1561,"Pasivos emergentes de operaciones a término, originadas en operaciones de pase, por compras a término del sector privado",Depósitos por cuenta,Saldos,D,En millones de ARS,ML,1999-12-30,2026-09-02,0.0
1562,Pasivos pendientes de imputación por operaciones con fondos de terceros del sector privado,Depósitos por cuenta,Saldos,D,En millones de ARS,ML,1999-12-30,2026-09-02,120.0
1563,Depósitos totales y otros pasivos de las entidades financieras del sector privado no financiero,Depósitos por cuenta,Saldos,D,En millones de USD,ME,1999-12-30,2026-09-02,41097.0
1564,Depósitos totales de efectivo del sector privado no financiero,Depósitos por cuenta,Saldos,D,En millones de USD,ME,1999-12-30,2026-09-02,41065.0
1565,Cuentas corriente del sector privado no financiero,Depósitos por cuenta,Saldos,D,En millones de USD,ME,1999-12-30,2026-09-02,12.0
1566,Cuentas corrientes de un millón de dólaresy más del sector privado no financiero,Depósitos por cuenta,Saldos,D,En millones de USD,ME,2003-01-02,2025-12-30,0.0
1567,Cuentas a la vista del sector privado no financiero,Depósitos por cuenta,Saldos,D,En millones de USD,ME,1999-12-30,2026-09-02,144.0
1568,Cuentas a la vista de un millón de dólares y más del sector privado no financiero,Depósitos por cuenta,Saldos,D,En millones de USD,ME,2003-01-02,2025-12-30,4.0
1569,Cajas de ahorro del sector privado no financiero,Depósitos por cuenta,Saldos,D,En millones de USD,ME,1999-12-30,2026-09-02,29133.0
1570,Cajas de ahorros de un millón de dólares y más del sector privado no financiero,Depósitos por cuenta,Saldos,D,En millones de USD,ME,2003-01-02,2025-12-30,6115.0
1571,Plazo fijo del sector privado no financiero,Depósitos por cuenta,Saldos,D,En millones de USD,ME,1999-12-30,2026-09-02,11399.0
1572,Plazo fijo de hasta 59 días del sector privado no financiero,Depósitos por cuenta,Saldos,D,En millones de USD,ME,1999-12-30,2026-09-02,6646.0
1573,Plazo fijo de 60 a 89 días del sector privado no financiero,Depósitos por cuenta,Saldos,D,En millones de USD,ME,1999-12-30,2026-09-02,1057.0
1574,Plazo fijo de 90 a 179 días del sector privado no financiero,Depósitos por cuenta,Saldos,D,En millones de USD,ME,1999-12-30,2026-09-02,1764.0
1575,Plazo fijo de 180 a 365 días del sector privado no financiero,Depósitos por cuenta,Saldos,D,En millones de USD,ME,1999-12-30,2026-09-02,1487.0
1576,Plazo fijo de 366 días o mas del sector privado no financiero,Depósitos por cuenta,Saldos,D,En millones de USD,ME,1999-12-30,2026-09-02,446.0
1577,Plazo fijo de un millón de dólares y más del sector privado no financiero,Depósitos por cuenta,Saldos,D,En millones de USD,ME,2003-01-02,2025-12-30,3621.0
1578,Plazo fijo judiciales del sector privado no financiero,Depósitos por cuenta,Saldos,D,En millones de USD,ME,2003-01-02,2026-09-02,376.0
1579,Inversiones a plazo constante del sector privado no financiero,Depósitos por cuenta,Saldos,D,En millones de USD,ME,1999-12-30,2026-09-02,0.0
1580,Inversiones con opción de cancelación anticipada del sector privado no financiero,Depósitos por cuenta,Saldos,D,En millones de USD,ME,1999-12-30,2026-09-02,62.0
1581,Inversiones con opción de renovación por plazo determinado del sector privado no financiero,Depósitos por cuenta,Saldos,D,En millones de USD,ME,1999-12-30,2026-09-02,0.0
1582,Inmovilizados del sector privado no financiero,Depósitos por cuenta,Saldos,D,En millones de USD,ME,1999-12-30,2026-09-02,147.0
1583,Ordenes de pago del sector privado no financiero,Depósitos por cuenta,Saldos,D,En millones de USD,ME,1999-12-30,2026-09-02,0.0
1584,En garantía del sector privado no financiero,Depósitos por cuenta,Saldos,D,En millones de USD,ME,1999-12-30,2026-09-02,3.0
1585,Vinculados con operaciones cambiarias del sector privado no financiero,Depósitos por cuenta,Saldos,D,En millones de USD,ME,1999-12-30,2026-09-02,0.0
1586,Otros depósitos (excluye vista y a plazo) del sector privado no financiero,Depósitos por cuenta,Saldos,D,En millones de USD,ME,1999-12-30,2026-09-02,166.0
1587,Otros depósitos de un millón de dólares y más (excluye vista y a plazo) del sector privado no financiero,Depósitos por cuenta,Saldos,D,En millones de USD,ME,2003-01-02,2025-12-30,88.0
1588,Títulos valores públicos del país del sector privado no financiero,Depósitos por cuenta,Saldos,D,En millones de USD,ME,1999-12-30,2026-09-02,32.0
1589,Títulos privados del sector privado no financiero,Depósitos por cuenta,Saldos,D,En millones de USD,ME,1999-12-30,2026-09-02,0.0
1590,Otros activos financieros del sector privado no financiero,Depósitos por cuenta,Saldos,D,En millones de USD,ME,1999-12-30,2026-09-02,0.0
1591,Aceptaciones del sector privado no financiero,Depósitos por cuenta,Saldos,D,En millones de USD,ME,1999-12-30,2026-09-02,0.0
1592,"Pasivos emergentes de operaciones a término, no originadas en operaciones de pase, por compras a término del sector privado no financiero",Depósitos por cuenta,Saldos,D,En millones de USD,ME,1999-12-30,2026-09-02,0.0
1593,"Pasivos emergentes de operaciones a término, no originadas en operaciones de pase, por compras al contado a liquidar del sector privado no financiero",Depósitos por cuenta,Saldos,D,En millones de USD,ME,1999-12-30,2026-09-02,1.0
1594,"Pasivos emergentes de operaciones a término, originadas en operaciones de pase, por compras a término del sector privado no financiero",Depósitos por cuenta,Saldos,D,En millones de USD,ME,1999-12-30,2026-09-02,0.0
1595,Pasivos pendientes de imputación por operaciones con fondos de terceros del sector privado no financiero,Depósitos por cuenta,Saldos,D,En millones de USD,ME,1999-12-30,2026-09-02,526.0
1596,Plazos fijos de unidades de valor adquisitivo mayores a 1 millón del total de sectores,Depósitos por cuenta,Saldos,D,En millones de ARS,ML,2018-01-02,2025-12-30,89132.0
1597,Inversiones con opción de cancelación anticipada de unidades de valor adquisitivo del total de sectores,Depósitos por cuenta,Saldos,D,En millones de ARS,ML,2018-01-02,2026-09-02,793378.0
1598,Plazos fijos de unidades de valor adquisitivo mayores a 1 millón del sector público no financiero,Depósitos por cuenta,Saldos,D,En millones de ARS,ML,2018-01-02,2025-12-30,5165.0
1599,Inversiones con opción de cancelación anticipada de unidades de valor adquisitivo del sector público no financiero,Depósitos por cuenta,Saldos,D,En millones de ARS,ML,2018-01-02,2026-09-02,0.0
1600,Plazos fijos de unidades de valor adquisitivo mayores a 1 millón del sector privado no financiero,Depósitos por cuenta,Saldos,D,En millones de ARS,ML,2018-01-02,2025-12-30,83962.0
1601,Inversiones con opción de cancelación anticipada de unidades de valor adquisitivo del sector privado no financiero,Depósitos por cuenta,Saldos,D,En millones de ARS,ML,2018-01-02,2026-09-02,793378.0
1602,Tipo de cambio para valuación de activos y pasivos de entidades financieras,Depósitos por cuenta,Tipo de cambio,D,Pesos argentinos por dólar estadounidense,ML,1996-01-02,2002-03-01,2.15
1603,Tipo de cambio para valuación de activos y pasivos de entidades financieras,Préstamos por línea,Tipo de cambio,D,Pesos argentinos por dólar estadounidense,ML,1996-01-02,2002-03-01,2.15
1604,Tipo de cambio para valuación de activos y pasivos del BCRA,Activos y pasivos del BCRA,Tipo de cambio,D,Pesos argentinos por dólar estadounidense,ML,1996-01-02,2004-03-26,2.882
1605,Reservas internacionales,Activos y pasivos del BCRA,Saldos,M,En millones de USD,ME,1940-02-29,2026-07-31,47599.0
1606,Base monetaria,Agregados monetarios y sus componentes,Saldos,M,En miles de ARS,ML,1940-06-30,2026-06-30,45711975442.0
1607,Circulación monetaria,Agregados monetarios y sus componentes,Saldos,M,En miles de ARS,ML,1940-06-30,2026-06-30,27890209001.0
1608,Billetes y monedas en poder del público,Agregados monetarios y sus componentes,Saldos,M,En miles de ARS,ML,1940-06-30,2026-06-30,25790255686.0
1609,Efectivo en entidades financieras,Agregados monetarios y sus componentes,Saldos,M,En miles de ARS,ML,1940-06-30,2026-06-30,2099953315.0
1610,Depósitos de las entidades financieras en cuenta corriente en el BCRA,Agregados monetarios y sus componentes,Saldos,M,En miles de ARS,ML,1940-06-30,2026-06-30,17821766441.0
1611,M1 en moneda local y extranjera,Agregados monetarios y sus componentes,Saldos,M,En miles de ARS,MEyML,1940-06-30,2026-06-30,57737273469.0
1612,M1 en moneda local,Agregados monetarios y sus componentes,Saldos,M,En miles de ARS,ML,1940-06-30,2026-06-30,57696605974.0
1613,Cuentas corrientes del sector privado,Agregados monetarios y sus componentes,Saldos,M,En miles de ARS,ML,1940-06-30,2026-06-30,22988295354.0
1614,Cuentas corrientes del sector público,Agregados monetarios y sus componentes,Saldos,M,En miles de ARS,ML,1940-06-30,2026-06-30,8918054934.0
1615,Cuentas corrientes del sector privado,Agregados monetarios y sus componentes,Saldos,M,En miles de ARS,ME,1981-01-31,2026-06-30,27423361.0
1616,Cuentas corrientes del sector público,Agregados monetarios y sus componentes,Saldos,M,En miles de ARS,ME,1981-01-31,2026-06-30,13244134.0
1617,M2 en moneda local y extranjera,Agregados monetarios y sus componentes,Saldos,M,En miles de ARS,MEyML,1940-06-30,2026-06-30,139169506485.0
1618,M2 en moneda local,Agregados monetarios y sus componentes,Saldos,M,En miles de ARS,ML,1940-06-30,2026-06-30,94944993035.0
1619,Cajas de ahorro del sector privado,Agregados monetarios y sus componentes,Saldos,M,En miles de ARS,ML,1940-06-30,2026-06-30,36179451121.0
1620,Cajas de ahorro del sector público,Agregados monetarios y sus componentes,Saldos,M,En miles de ARS,ML,1990-01-31,2026-06-30,1068935940.0
1621,Cajas de ahorro del sector privado,Agregados monetarios y sus componentes,Saldos,M,En miles de ARS,ME,1991-04-30,2026-06-30,41615528144.0
1622,Cajas de ahorro del sector público,Agregados monetarios y sus componentes,Saldos,M,En miles de ARS,ME,1991-04-30,2026-06-30,2568317811.0
1623,M3 en moneda local y extranjera,Agregados monetarios y sus componentes,Saldos,M,En miles de ARS,MEyML,1940-06-30,2026-06-30,244624205496.0
1624,M3 en moneda local,Agregados monetarios y sus componentes,Saldos,M,En miles de ARS,ML,1940-06-30,2026-06-30,181990547574.0
1625,Depósitos a plazo fijo del sector privado,Agregados monetarios y sus componentes,Saldos,M,En miles de ARS,ML,1940-06-30,2026-06-30,65346172129.0
1626,Depósitos a plazo fijo del sector público,Agregados monetarios y sus componentes,Saldos,M,En miles de ARS,ML,1990-01-31,2026-06-30,18528799537.0
1627,Otros depósitos del sector privado,Agregados monetarios y sus componentes,Saldos,M,En miles de ARS,ML,1940-06-30,2026-06-30,1988685904.0
1628,Otros depósitos del sector público,Agregados monetarios y sus componentes,Saldos,M,En miles de ARS,ML,1990-01-31,2026-06-30,1181896969.0
1629,Aceptaciones,Agregados monetarios y sus componentes,Saldos,M,En miles de ARS,ML,1970-01-31,2026-06-30,0.0
1630,Depósitos a plazo fijo del sector privado,Agregados monetarios y sus componentes,Saldos,M,En miles de ARS,ME,1980-08-31,2026-06-30,16096164843.0
1631,Depósitos a plazo fijo del sector público,Agregados monetarios y sus componentes,Saldos,M,En miles de ARS,ME,1990-01-31,2026-06-30,1483406543.0
1632,Otros depósitos del sector privado,Agregados monetarios y sus componentes,Saldos,M,En miles de ARS,ME,1990-01-31,2026-06-30,636151077.0
1633,Otros depósitos del sector público,Agregados monetarios y sus componentes,Saldos,M,En miles de ARS,ME,1990-01-31,2026-06-30,193422009.0
